OrderID,CustomerID,EmployeeID,OrderDate,RequiredDate,ShippedDate,ShipVia,Freight,ShipName,ShipAddress,ShipCity,ShipRegion,ShipPostalCode,ShipCountry
10248,OCEAN,8,7/5/1996,7/18/1996,7/6/1996,2,193.85,Ship Co 2,123 Shipping Blvd,Port City,,12345,Shipper Land
10249,PRINI,5,7/7/1996,7/14/1996,7/20/1996,3,135.03,Ship Co 3,123 Shipping Blvd,Port City,,12345,Shipper Land
10250,HUNGC,4,7/8/1996,7/18/1996,7/20/1996,1,150.71,Ship Co 1,123 Shipping Blvd,Port City,,12345,Shipper Land
10251,HILAA,6,7/9/1996,7/23/1996,7/14/1996,1,21.34,Ship Co 1,123 Shipping Blvd,Port City,,12345,Shipper Land
10252,BLAUS,3,7/9/1996,7/23/1996,7/15/1996,2,31.59,Ship Co 2,123 Shipping Blvd,Port City,,12345,Shipper Land
10253,ROMEY,7,7/9/1996,7/25/1996,7/19/1996,1,109.96,Ship Co 1,123 Shipping Blvd,Port City,,12345,Shipper Land
10254,QUEDE,3,7/9/1996,7/17/1996,7/22/1996,2,185.25,Ship Co 2,123 Shipping Blvd,Port City,,12345,Shipper Land
10255,PERIC,4,7/10/1996,7/23/1996,7/15/1996,2,151,Ship Co 2,123 Shipping Blvd,Port City,,12345,Shipper Land
10256,RICAR,2,7/11/1996,7/26/1996,7/21/1996,3,2.43,Ship Co 3,123 Shipping Blvd,Port City,,12345,Shipper Land
10257,OLDWO,2,7/12/1996,7/24/1996,7/24/1996,2,139.11,Ship Co 2,123 Shipping Blvd,Port City,,12345,Shipper Land
10258,SIMOB,5,7/12/1996,7/22/1996,7/18/1996,3,157.12,Ship Co 3,123 Shipping Blvd,Port City,,12345,Shipper Land
10259,SANTG,3,7/13/1996,7/21/1996,7/15/1996,2,8.17,Ship Co 2,123 Shipping Blvd,Port City,,12345,Shipper Land
10260,VAFFE,3,7/13/1996,8/3/1996,7/21/1996,1,35.47,Ship Co 1,123 Shipping Blvd,Port City,,12345,Shipper Land
10261,VINET,2,7/13/1996,7/26/1996,7/18/1996,3,104.54,Ship Co 3,123 Shipping Blvd,Port City,,12345,Shipper Land
10262,PERIC,6,7/13/1996,7/30/1996,7/15/1996,3,48.83,Ship Co 3,123 Shipping Blvd,Port City,,12345,Shipper Land
10263,RICAR,6,7/15/1996,7/29/1996,7/18/1996,3,103.93,Ship Co 3,123 Shipping Blvd,Port City,,12345,Shipper Land
10264,SPLIR,7,7/16/1996,7/26/1996,7/27/1996,2,21.05,Ship Co 2,123 Shipping Blvd,Port City,,12345,Shipper Land
10265,MAGAA,1,7/17/1996,7/25/1996,7/26/1996,3,29.92,Ship Co 3,123 Shipping Blvd,Port City,,12345,Shipper Land
10266,PICCO,2,7/18/1996,8/2/1996,7/23/1996,3,74.35,Ship Co 3,123 Shipping Blvd,Port City,,12345,Shipper Land
10267,SIMOB,5,7/18/1996,7/30/1996,7/30/1996,1,135.21,Ship Co 1,123 Shipping Blvd,Port City,,12345,Shipper Land
10268,VICTE,7,7/19/1996,7/28/1996,7/31/1996,1,194.02,Ship Co 1,123 Shipping Blvd,Port City,,12345,Shipper Land
10269,CACTU,2,7/19/1996,8/6/1996,7/31/1996,3,110.37,Ship Co 3,123 Shipping Blvd,Port City,,12345,Shipper Land
10270,FOLIG,7,7/21/1996,8/10/1996,7/30/1996,1,22.3,Ship Co 1,123 Shipping Blvd,Port City,,12345,Shipper Land
10271,LACOR,6,7/23/1996,8/13/1996,7/25/1996,1,48.65,Ship Co 1,123 Shipping Blvd,Port City,,12345,Shipper Land
10272,SAVEA,3,7/23/1996,8/2/1996,7/28/1996,3,188.1,Ship Co 3,123 Shipping Blvd,Port City,,12345,Shipper Land
10273,QUEEN,6,7/23/1996,8/11/1996,7/30/1996,2,109.36,Ship Co 2,123 Shipping Blvd,Port City,,12345,Shipper Land
10274,FURIB,1,7/26/1996,8/6/1996,8/2/1996,1,116.08,Ship Co 1,123 Shipping Blvd,Port City,,12345,Shipper Land
10275,DRACD,8,7/26/1996,8/5/1996,7/28/1996,2,19.3,Ship Co 2,123 Shipping Blvd,Port City,,12345,Shipper Land
10276,WARTH,2,7/27/1996,8/8/1996,8/10/1996,3,160.21,Ship Co 3,123 Shipping Blvd,Port City,,12345,Shipper Land
10277,TRAIH,6,7/28/1996,8/12/1996,8/1/1996,1,168.08,Ship Co 1,123 Shipping Blvd,Port City,,12345,Shipper Land
10278,LAUGB,9,7/29/1996,8/19/1996,8/8/1996,1,183.14,Ship Co 1,123 Shipping Blvd,Port City,,12345,Shipper Land
10279,CACTU,9,7/30/1996,8/11/1996,8/1/1996,2,119.79,Ship Co 2,123 Shipping Blvd,Port City,,12345,Shipper Land
10280,RATTC,4,8/3/1996,8/13/1996,8/5/1996,3,120.8,Ship Co 3,123 Shipping Blvd,Port City,,12345,Shipper Land
10281,HILAA,7,8/3/1996,8/22/1996,8/9/1996,2,105.25,Ship Co 2,123 Shipping Blvd,Port City,,12345,Shipper Land
10282,ISLAT,9,8/4/1996,8/25/1996,8/12/1996,2,128.74,Ship Co 2,123 Shipping Blvd,Port City,,12345,Shipper Land
10283,GALED,9,8/4/1996,8/13/1996,8/12/1996,2,28.14,Ship Co 2,123 Shipping Blvd,Port City,,12345,Shipper Land
10284,FRANK,2,8/5/1996,8/23/1996,8/15/1996,2,4.77,Ship Co 2,123 Shipping Blvd,Port City,,12345,Shipper Land
10285,WOLZA,6,8/6/1996,8/13/1996,8/14/1996,2,40.62,Ship Co 2,123 Shipping Blvd,Port City,,12345,Shipper Land
10286,WANDK,2,8/7/1996,8/27/1996,8/21/1996,1,10.65,Ship Co 1,123 Shipping Blvd,Port City,,12345,Shipper Land
10287,LEHMS,4,8/9/1996,8/27/1996,8/19/1996,1,145.58,Ship Co 1,123 Shipping Blvd,Port City,,12345,Shipper Land
10288,FRANR,1,8/10/1996,8/20/1996,8/15/1996,2,177.27,Ship Co 2,123 Shipping Blvd,Port City,,12345,Shipper Land
10289,FOLKO,8,8/10/1996,8/23/1996,8/24/1996,2,187.39,Ship Co 2,123 Shipping Blvd,Port City,,12345,Shipper Land
10290,LAZYK,2,8/11/1996,8/22/1996,8/12/1996,3,57.63,Ship Co 3,123 Shipping Blvd,Port City,,12345,Shipper Land
10291,THECR,4,8/11/1996,8/18/1996,8/13/1996,3,44.54,Ship Co 3,123 Shipping Blvd,Port City,,12345,Shipper Land
10292,LETSS,7,8/12/1996,8/28/1996,8/14/1996,2,145.98,Ship Co 2,123 Shipping Blvd,Port City,,12345,Shipper Land
10293,WANDK,4,8/13/1996,8/23/1996,8/19/1996,3,21.46,Ship Co 3,123 Shipping Blvd,Port City,,12345,Shipper Land
10294,PARIS,8,8/13/1996,8/31/1996,8/17/1996,3,105.29,Ship Co 3,123 Shipping Blvd,Port City,,12345,Shipper Land
10295,QUEDE,3,8/14/1996,9/2/1996,8/27/1996,2,104.27,Ship Co 2,123 Shipping Blvd,Port City,,12345,Shipper Land
10296,LINOD,9,8/16/1996,8/26/1996,8/27/1996,2,78.23,Ship Co 2,123 Shipping Blvd,Port City,,12345,Shipper Land
10297,WOLZA,8,8/17/1996,9/4/1996,8/23/1996,2,182.77,Ship Co 2,123 Shipping Blvd,Port City,,12345,Shipper Land
10298,NORTS,9,8/17/1996,9/7/1996,8/21/1996,2,140.47,Ship Co 2,123 Shipping Blvd,Port City,,12345,Shipper Land
10299,GREAL,1,8/18/1996,9/7/1996,9/1/1996,2,10.15,Ship Co 2,123 Shipping Blvd,Port City,,12345,Shipper Land
10300,FRANK,9,8/19/1996,8/26/1996,8/26/1996,2,73.14,Ship Co 2,123 Shipping Blvd,Port City,,12345,Shipper Land
10301,RICAR,8,8/19/1996,8/30/1996,8/24/1996,2,119.68,Ship Co 2,123 Shipping Blvd,Port City,,12345,Shipper Land
10302,VINET,3,8/19/1996,9/8/1996,8/20/1996,2,129.79,Ship Co 2,123 Shipping Blvd,Port City,,12345,Shipper Land
10303,CHOPS,6,8/20/1996,9/6/1996,8/21/1996,3,141.04,Ship Co 3,123 Shipping Blvd,Port City,,12345,Shipper Land
10304,ANTON,8,8/22/1996,8/30/1996,8/23/1996,1,25.72,Ship Co 1,123 Shipping Blvd,Port City,,12345,Shipper Land
10305,PARIS,7,8/22/1996,8/30/1996,9/3/1996,3,76.67,Ship Co 3,123 Shipping Blvd,Port City,,12345,Shipper Land
10306,PARIS,5,8/23/1996,8/31/1996,9/3/1996,2,132.73,Ship Co 2,123 Shipping Blvd,Port City,,12345,Shipper Land
10307,DRACD,4,8/24/1996,9/5/1996,9/6/1996,1,157.61,Ship Co 1,123 Shipping Blvd,Port City,,12345,Shipper Land
10308,VAFFE,9,8/24/1996,9/3/1996,9/2/1996,1,76.35,Ship Co 1,123 Shipping Blvd,Port City,,12345,Shipper Land
10309,BLAUS,9,8/26/1996,9/5/1996,8/29/1996,1,190.86,Ship Co 1,123 Shipping Blvd,Port City,,12345,Shipper Land
10310,FURIB,5,8/29/1996,9/8/1996,8/30/1996,2,153.7,Ship Co 2,123 Shipping Blvd,Port City,,12345,Shipper Land
10311,HUNGO,3,8/30/1996,9/10/1996,9/3/1996,1,136.99,Ship Co 1,123 Shipping Blvd,Port City,,12345,Shipper Land
10312,RICAR,3,8/30/1996,9/10/1996,9/2/1996,3,191.69,Ship Co 3,123 Shipping Blvd,Port City,,12345,Shipper Land
10313,TRAIH,3,8/31/1996,9/20/1996,9/13/1996,1,99.38,Ship Co 1,123 Shipping Blvd,Port City,,12345,Shipper Land
10314,OCEAN,2,9/2/1996,9/11/1996,9/16/1996,2,182.33,Ship Co 2,123 Shipping Blvd,Port City,,12345,Shipper Land
10315,QUEEN,7,9/3/1996,9/17/1996,9/6/1996,2,93.42,Ship Co 2,123 Shipping Blvd,Port City,,12345,Shipper Land
10316,QUEDE,5,9/3/1996,9/23/1996,9/7/1996,1,167.96,Ship Co 1,123 Shipping Blvd,Port City,,12345,Shipper Land
10317,BSBEV,2,9/5/1996,9/24/1996,9/8/1996,3,133.96,Ship Co 3,123 Shipping Blvd,Port City,,12345,Shipper Land
10318,FRANS,5,9/5/1996,9/24/1996,9/17/1996,1,150.97,Ship Co 1,123 Shipping Blvd,Port City,,12345,Shipper Land
10319,HUNGC,6,9/7/1996,9/18/1996,9/13/1996,3,52.97,Ship Co 3,123 Shipping Blvd,Port City,,12345,Shipper Land
10320,RICSU,8,9/9/1996,9/22/1996,9/14/1996,2,82.75,Ship Co 2,123 Shipping Blvd,Port City,,12345,Shipper Land
10321,MORGK,9,9/9/1996,9/27/1996,9/14/1996,3,27.99,Ship Co 3,123 Shipping Blvd,Port City,,12345,Shipper Land
10322,MEREP,9,9/10/1996,9/23/1996,9/12/1996,2,110.86,Ship Co 2,123 Shipping Blvd,Port City,,12345,Shipper Land
10323,HUNGC,5,9/11/1996,9/25/1996,9/19/1996,2,118.69,Ship Co 2,123 Shipping Blvd,Port City,,12345,Shipper Land
10324,FAMIA,5,9/12/1996,9/24/1996,9/16/1996,3,88.2,Ship Co 3,123 Shipping Blvd,Port City,,12345,Shipper Land
10325,ANATR,6,9/12/1996,9/29/1996,9/21/1996,2,170.07,Ship Co 2,123 Shipping Blvd,Port City,,12345,Shipper Land
10326,FRANS,9,9/12/1996,10/1/1996,9/26/1996,1,117.69,Ship Co 1,123 Shipping Blvd,Port City,,12345,Shipper Land
10327,WARTH,7,9/12/1996,10/2/1996,9/26/1996,3,100.36,Ship Co 3,123 Shipping Blvd,Port City,,12345,Shipper Land
10328,TOMSP,1,9/12/1996,9/28/1996,9/21/1996,2,130.35,Ship Co 2,123 Shipping Blvd,Port City,,12345,Shipper Land
10329,CHOPS,2,9/14/1996,9/27/1996,9/18/1996,2,21.54,Ship Co 2,123 Shipping Blvd,Port City,,12345,Shipper Land
10330,WILMK,4,9/16/1996,9/29/1996,9/24/1996,2,77.41,Ship Co 2,123 Shipping Blvd,Port City,,12345,Shipper Land
10331,GROSR,2,9/16/1996,10/3/1996,9/21/1996,3,20.54,Ship Co 3,123 Shipping Blvd,Port City,,12345,Shipper Land
10332,SAVEA,8,9/17/1996,10/2/1996,9/24/1996,3,56.66,Ship Co 3,123 Shipping Blvd,Port City,,12345,Shipper Land
10333,OTTIK,1,9/18/1996,10/4/1996,9/28/1996,1,132.83,Ship Co 1,123 Shipping Blvd,Port City,,12345,Shipper Land
10334,CONSH,9,9/18/1996,9/27/1996,9/21/1996,2,76.06,Ship Co 2,123 Shipping Blvd,Port City,,12345,Shipper Land
10335,QUEDE,3,9/19/1996,10/10/1996,9/28/1996,1,63.46,Ship Co 1,123 Shipping Blvd,Port City,,12345,Shipper Land
10336,FISSA,6,9/21/1996,10/3/1996,9/25/1996,1,127.6,Ship Co 1,123 Shipping Blvd,Port City,,12345,Shipper Land
10337,VICTE,8,9/22/1996,10/13/1996,9/28/1996,2,52.03,Ship Co 2,123 Shipping Blvd,Port City,,12345,Shipper Land
10338,CACTU,8,9/22/1996,10/6/1996,9/30/1996,2,171.46,Ship Co 2,123 Shipping Blvd,Port City,,12345,Shipper Land
10339,MAGAA,2,9/23/1996,10/3/1996,10/7/1996,3,56.32,Ship Co 3,123 Shipping Blvd,Port City,,12345,Shipper Land
10340,LAUGB,7,9/24/1996,10/1/1996,10/4/1996,1,121.14,Ship Co 1,123 Shipping Blvd,Port City,,12345,Shipper Land
10341,MAGAA,9,9/24/1996,10/6/1996,10/8/1996,3,190.87,Ship Co 3,123 Shipping Blvd,Port City,,12345,Shipper Land
10342,LAMAI,9,9/25/1996,10/12/1996,10/2/1996,1,187.01,Ship Co 1,123 Shipping Blvd,Port City,,12345,Shipper Land
10343,SAVEA,3,9/25/1996,10/5/1996,9/28/1996,1,15.94,Ship Co 1,123 Shipping Blvd,Port City,,12345,Shipper Land
10344,BLONP,3,9/26/1996,10/13/1996,10/2/1996,2,79.87,Ship Co 2,123 Shipping Blvd,Port City,,12345,Shipper Land
10345,PERIC,5,9/27/1996,10/6/1996,10/10/1996,1,181.16,Ship Co 1,123 Shipping Blvd,Port City,,12345,Shipper Land
10346,NORTS,9,9/27/1996,10/13/1996,10/2/1996,1,52.3,Ship Co 1,123 Shipping Blvd,Port City,,12345,Shipper Land
10347,WHITC,5,9/28/1996,10/13/1996,10/2/1996,3,6.34,Ship Co 3,123 Shipping Blvd,Port City,,12345,Shipper Land
10348,RICSU,2,9/29/1996,10/11/1996,10/8/1996,3,109.27,Ship Co 3,123 Shipping Blvd,Port City,,12345,Shipper Land
10349,LETSS,3,9/29/1996,10/19/1996,10/1/1996,2,63.07,Ship Co 2,123 Shipping Blvd,Port City,,12345,Shipper Land
10350,LONEP,4,10/2/1996,10/13/1996,10/4/1996,1,16.93,Ship Co 1,123 Shipping Blvd,Port City,,12345,Shipper Land
10351,ANATR,9,10/4/1996,10/16/1996,10/11/1996,3,132.87,Ship Co 3,123 Shipping Blvd,Port City,,12345,Shipper Land
10352,WARTH,1,10/5/1996,10/22/1996,10/9/1996,3,164.46,Ship Co 3,123 Shipping Blvd,Port City,,12345,Shipper Land
10353,BLAUS,5,10/6/1996,10/19/1996,10/17/1996,1,1.71,Ship Co 1,123 Shipping Blvd,Port City,,12345,Shipper Land
10354,BOLID,7,10/9/1996,10/28/1996,10/12/1996,3,198.5,Ship Co 3,123 Shipping Blvd,Port City,,12345,Shipper Land
10355,DUMON,9,10/11/1996,11/1/1996,10/15/1996,2,78.34,Ship Co 2,123 Shipping Blvd,Port City,,12345,Shipper Land
10356,ANATR,9,10/12/1996,10/29/1996,10/13/1996,1,193.83,Ship Co 1,123 Shipping Blvd,Port City,,12345,Shipper Land
10357,RATTC,4,10/14/1996,10/29/1996,10/16/1996,2,53.77,Ship Co 2,123 Shipping Blvd,Port City,,12345,Shipper Land
10358,AROUT,5,10/14/1996,10/23/1996,10/22/1996,1,10.15,Ship Co 1,123 Shipping Blvd,Port City,,12345,Shipper Land
10359,HUNGO,2,10/14/1996,10/30/1996,10/16/1996,2,173.63,Ship Co 2,123 Shipping Blvd,Port City,,12345,Shipper Land
10360,FRANK,2,10/14/1996,10/30/1996,10/19/1996,2,64.24,Ship Co 2,123 Shipping Blvd,Port City,,12345,Shipper Land
10361,PICCO,4,10/15/1996,11/1/1996,10/20/1996,2,197.74,Ship Co 2,123 Shipping Blvd,Port City,,12345,Shipper Land
10362,CACTU,9,10/16/1996,11/3/1996,10/27/1996,1,118.51,Ship Co 1,123 Shipping Blvd,Port City,,12345,Shipper Land
10363,ERNSH,4,10/18/1996,11/2/1996,10/28/1996,1,131.69,Ship Co 1,123 Shipping Blvd,Port City,,12345,Shipper Land
10364,WOLZA,8,10/20/1996,11/1/1996,10/27/1996,1,31.45,Ship Co 1,123 Shipping Blvd,Port City,,12345,Shipper Land
10365,MEREP,1,10/21/1996,11/1/1996,10/24/1996,3,67.11,Ship Co 3,123 Shipping Blvd,Port City,,12345,Shipper Land
10366,ISLAT,9,10/21/1996,10/29/1996,10/30/1996,1,68.65,Ship Co 1,123 Shipping Blvd,Port City,,12345,Shipper Land
10367,LONEP,9,10/22/1996,11/11/1996,10/28/1996,2,23.86,Ship Co 2,123 Shipping Blvd,Port City,,12345,Shipper Land
10368,BOTTM,6,10/25/1996,11/9/1996,11/8/1996,3,75.34,Ship Co 3,123 Shipping Blvd,Port City,,12345,Shipper Land
10369,PICCO,3,10/26/1996,11/8/1996,10/31/1996,3,1.65,Ship Co 3,123 Shipping Blvd,Port City,,12345,Shipper Land
10370,VAFFE,8,10/27/1996,11/5/1996,11/2/1996,1,52.2,Ship Co 1,123 Shipping Blvd,Port City,,12345,Shipper Land
10371,LINOD,9,10/28/1996,11/16/1996,11/2/1996,1,108.87,Ship Co 1,123 Shipping Blvd,Port City,,12345,Shipper Land
10372,HUNGO,9,10/28/1996,11/8/1996,11/4/1996,3,5.92,Ship Co 3,123 Shipping Blvd,Port City,,12345,Shipper Land
10373,QUEEN,8,10/28/1996,11/14/1996,11/5/1996,1,42.93,Ship Co 1,123 Shipping Blvd,Port City,,12345,Shipper Land
10374,HILAA,9,10/29/1996,11/19/1996,11/9/1996,2,153.95,Ship Co 2,123 Shipping Blvd,Port City,,12345,Shipper Land
10375,GALED,3,10/29/1996,11/6/1996,11/6/1996,3,172.17,Ship Co 3,123 Shipping Blvd,Port City,,12345,Shipper Land
10376,FISSA,6,10/29/1996,11/5/1996,11/5/1996,3,160.46,Ship Co 3,123 Shipping Blvd,Port City,,12345,Shipper Land
10377,KOENE,1,10/31/1996,11/7/1996,11/3/1996,1,199.19,Ship Co 1,123 Shipping Blvd,Port City,,12345,Shipper Land
10378,RANCH,2,11/1/1996,11/9/1996,11/6/1996,1,40.53,Ship Co 1,123 Shipping Blvd,Port City,,12345,Shipper Land
10379,RICSU,7,11/2/1996,11/17/1996,11/5/1996,1,26.34,Ship Co 1,123 Shipping Blvd,Port City,,12345,Shipper Land
10380,LEHMS,2,11/4/1996,11/14/1996,11/8/1996,3,5.19,Ship Co 3,123 Shipping Blvd,Port City,,12345,Shipper Land
10381,WANDK,8,11/5/1996,11/14/1996,11/13/1996,3,106.7,Ship Co 3,123 Shipping Blvd,Port City,,12345,Shipper Land
10382,DRACD,4,11/5/1996,11/12/1996,11/6/1996,2,40.43,Ship Co 2,123 Shipping Blvd,Port City,,12345,Shipper Land
10383,FISSA,1,11/6/1996,11/20/1996,11/7/1996,2,184.9,Ship Co 2,123 Shipping Blvd,Port City,,12345,Shipper Land
10384,ISLAT,9,11/8/1996,11/16/1996,11/15/1996,3,166.05,Ship Co 3,123 Shipping Blvd,Port City,,12345,Shipper Land
10385,SAVEA,8,11/9/1996,11/26/1996,11/12/1996,3,33.86,Ship Co 3,123 Shipping Blvd,Port City,,12345,Shipper Land
10386,CHOPS,8,11/10/1996,11/30/1996,11/21/1996,3,174.67,Ship Co 3,123 Shipping Blvd,Port City,,12345,Shipper Land
10387,GREAL,3,11/10/1996,11/30/1996,11/22/1996,2,30.1,Ship Co 2,123 Shipping Blvd,Port City,,12345,Shipper Land
10388,FOLKO,9,11/12/1996,11/23/1996,11/24/1996,2,189.44,Ship Co 2,123 Shipping Blvd,Port City,,12345,Shipper Land
10389,RATTC,6,11/12/1996,11/25/1996,11/14/1996,2,176.4,Ship Co 2,123 Shipping Blvd,Port City,,12345,Shipper Land
10390,RATTC,4,11/13/1996,11/28/1996,11/20/1996,3,112.19,Ship Co 3,123 Shipping Blvd,Port City,,12345,Shipper Land
10391,MORGK,7,11/13/1996,11/26/1996,11/23/1996,2,86.38,Ship Co 2,123 Shipping Blvd,Port City,,12345,Shipper Land
10392,SUPRD,9,11/13/1996,11/26/1996,11/15/1996,1,61.92,Ship Co 1,123 Shipping Blvd,Port City,,12345,Shipper Land
10393,COMMI,3,11/14/1996,11/25/1996,11/23/1996,1,132.55,Ship Co 1,123 Shipping Blvd,Port City,,12345,Shipper Land
10394,LAUGB,5,11/15/1996,12/6/1996,11/17/1996,1,149.75,Ship Co 1,123 Shipping Blvd,Port City,,12345,Shipper Land
10395,SUPRD,4,11/15/1996,11/27/1996,11/16/1996,1,65.43,Ship Co 1,123 Shipping Blvd,Port City,,12345,Shipper Land
10396,LACOR,4,11/18/1996,11/26/1996,11/24/1996,2,24.27,Ship Co 2,123 Shipping Blvd,Port City,,12345,Shipper Land
10397,LAUGB,8,11/18/1996,12/6/1996,11/23/1996,2,54.61,Ship Co 2,123 Shipping Blvd,Port City,,12345,Shipper Land
10398,BLONP,9,11/18/1996,11/25/1996,11/26/1996,2,111.09,Ship Co 2,123 Shipping Blvd,Port City,,12345,Shipper Land
10399,ERNSH,2,11/20/1996,12/9/1996,12/3/1996,2,22.03,Ship Co 2,123 Shipping Blvd,Port City,,12345,Shipper Land
10400,SIMOB,7,11/21/1996,12/3/1996,11/25/1996,2,178.68,Ship Co 2,123 Shipping Blvd,Port City,,12345,Shipper Land
10401,BLONP,2,11/22/1996,12/6/1996,12/1/1996,1,172.36,Ship Co 1,123 Shipping Blvd,Port City,,12345,Shipper Land
10402,PERIC,8,11/23/1996,12/11/1996,12/6/1996,1,123.45,Ship Co 1,123 Shipping Blvd,Port City,,12345,Shipper Land
10403,AROUT,8,11/23/1996,12/12/1996,11/27/1996,3,72.82,Ship Co 3,123 Shipping Blvd,Port City,,12345,Shipper Land
10404,RANCH,5,11/23/1996,12/4/1996,11/28/1996,1,30.04,Ship Co 1,123 Shipping Blvd,Port City,,12345,Shipper Land
10405,CHOPS,7,11/24/1996,12/12/1996,12/8/1996,1,51.6,Ship Co 1,123 Shipping Blvd,Port City,,12345,Shipper Land
10406,DRACD,7,11/25/1996,12/6/1996,12/1/1996,1,119.41,Ship Co 1,123 Shipping Blvd,Port City,,12345,Shipper Land
10407,THEBI,7,11/25/1996,12/8/1996,12/4/1996,2,28.44,Ship Co 2,123 Shipping Blvd,Port City,,12345,Shipper Land
10408,CACTU,1,11/26/1996,12/13/1996,12/8/1996,1,149.48,Ship Co 1,123 Shipping Blvd,Port City,,12345,Shipper Land
10409,BSBEV,3,11/27/1996,12/17/1996,12/3/1996,3,98.03,Ship Co 3,123 Shipping Blvd,Port City,,12345,Shipper Land
10410,TORTU,3,11/27/1996,12/13/1996,12/10/1996,2,132.27,Ship Co 2,123 Shipping Blvd,Port City,,12345,Shipper Land
10411,QUEDE,3,11/30/1996,12/18/1996,12/13/1996,1,161.33,Ship Co 1,123 Shipping Blvd,Port City,,12345,Shipper Land
10412,GROSR,3,12/2/1996,12/10/1996,12/6/1996,3,40.26,Ship Co 3,123 Shipping Blvd,Port City,,12345,Shipper Land
10413,LILAS,4,12/2/1996,12/20/1996,12/4/1996,1,79.85,Ship Co 1,123 Shipping Blvd,Port City,,12345,Shipper Land
10414,ROMEY,3,12/3/1996,12/16/1996,12/8/1996,1,95.23,Ship Co 1,123 Shipping Blvd,Port City,,12345,Shipper Land
10415,FOLIG,2,12/7/1996,12/26/1996,12/20/1996,3,190.31,Ship Co 3,123 Shipping Blvd,Port City,,12345,Shipper Land
10416,REGGC,5,12/8/1996,12/29/1996,12/16/1996,2,141.38,Ship Co 2,123 Shipping Blvd,Port City,,12345,Shipper Land
10417,PARIS,3,12/8/1996,12/17/1996,12/11/1996,2,9.69,Ship Co 2,123 Shipping Blvd,Port City,,12345,Shipper Land
10418,OLDWO,1,12/8/1996,12/20/1996,12/9/1996,3,18.44,Ship Co 3,123 Shipping Blvd,Port City,,12345,Shipper Land
10419,RATTC,2,12/9/1996,12/20/1996,12/11/1996,3,154.4,Ship Co 3,123 Shipping Blvd,Port City,,12345,Shipper Land
10420,FOLKO,2,12/12/1996,12/27/1996,12/13/1996,1,14.64,Ship Co 1,123 Shipping Blvd,Port City,,12345,Shipper Land
10421,MAISD,5,12/13/1996,12/25/1996,12/19/1996,2,82.35,Ship Co 2,123 Shipping Blvd,Port City,,12345,Shipper Land
10422,FRANS,8,12/15/1996,12/30/1996,12/16/1996,2,137.95,Ship Co 2,123 Shipping Blvd,Port City,,12345,Shipper Land
10423,ALFKI,9,12/16/1996,1/4/1997,12/25/1996,2,120.19,Ship Co 2,123 Shipping Blvd,Port City,,12345,Shipper Land
10424,GROSR,3,12/16/1996,12/26/1996,12/30/1996,2,11.38,Ship Co 2,123 Shipping Blvd,Port City,,12345,Shipper Land
10425,MORGK,9,12/16/1996,12/26/1996,12/18/1996,3,157.43,Ship Co 3,123 Shipping Blvd,Port City,,12345,Shipper Land
10426,HANAR,7,12/19/1996,12/26/1996,12/26/1996,2,185.38,Ship Co 2,123 Shipping Blvd,Port City,,12345,Shipper Land
10427,ISLAT,8,12/19/1996,1/9/1997,12/24/1996,2,149.57,Ship Co 2,123 Shipping Blvd,Port City,,12345,Shipper Land
10428,LETSS,4,12/19/1996,12/31/1996,12/22/1996,3,189.55,Ship Co 3,123 Shipping Blvd,Port City,,12345,Shipper Land
10429,FAMIA,7,12/19/1996,1/9/1997,12/29/1996,2,11.66,Ship Co 2,123 Shipping Blvd,Port City,,12345,Shipper Land
10430,GODOS,1,12/19/1996,1/1/1997,1/1/1997,1,45.64,Ship Co 1,123 Shipping Blvd,Port City,,12345,Shipper Land
10431,TORTU,3,12/20/1996,1/3/1997,1/3/1997,2,107.29,Ship Co 2,123 Shipping Blvd,Port City,,12345,Shipper Land
10432,LAUGB,8,12/20/1996,1/8/1997,12/22/1996,2,48.94,Ship Co 2,123 Shipping Blvd,Port City,,12345,Shipper Land
10433,PERIC,3,12/20/1996,1/4/1997,1/2/1997,3,32.69,Ship Co 3,123 Shipping Blvd,Port City,,12345,Shipper Land
10434,VAFFE,9,12/20/1996,12/28/1996,12/24/1996,1,56.88,Ship Co 1,123 Shipping Blvd,Port City,,12345,Shipper Land
10435,FURIB,8,12/21/1996,1/4/1997,12/28/1996,1,173.07,Ship Co 1,123 Shipping Blvd,Port City,,12345,Shipper Land
10436,FAMIA,2,12/22/1996,1/7/1997,1/1/1997,1,192.98,Ship Co 1,123 Shipping Blvd,Port City,,12345,Shipper Land
10437,PICCO,6,12/22/1996,1/8/1997,1/3/1997,1,119.71,Ship Co 1,123 Shipping Blvd,Port City,,12345,Shipper Land
10438,FISSA,6,12/23/1996,1/11/1997,1/4/1997,3,28.85,Ship Co 3,123 Shipping Blvd,Port City,,12345,Shipper Land
10439,ISLAT,5,12/23/1996,1/10/1997,12/29/1996,3,114.97,Ship Co 3,123 Shipping Blvd,Port City,,12345,Shipper Land
10440,QUICK,3,12/23/1996,1/11/1997,1/2/1997,1,157.26,Ship Co 1,123 Shipping Blvd,Port City,,12345,Shipper Land
10441,FOLKO,9,12/25/1996,1/11/1997,1/8/1997,2,59.46,Ship Co 2,123 Shipping Blvd,Port City,,12345,Shipper Land
10442,ANTON,2,12/27/1996,1/10/1997,1/9/1997,1,117.89,Ship Co 1,123 Shipping Blvd,Port City,,12345,Shipper Land
10443,TORTU,3,12/27/1996,1/9/1997,1/1/1997,3,122.12,Ship Co 3,123 Shipping Blvd,Port City,,12345,Shipper Land
10444,DRACD,4,12/28/1996,1/7/1997,12/31/1996,1,9.49,Ship Co 1,123 Shipping Blvd,Port City,,12345,Shipper Land
10445,PICCO,9,12/29/1996,1/6/1997,1/6/1997,1,63.81,Ship Co 1,123 Shipping Blvd,Port City,,12345,Shipper Land
10446,OLDWO,7,12/30/1996,1/19/1997,1/9/1997,1,103.54,Ship Co 1,123 Shipping Blvd,Port City,,12345,Shipper Land
10447,PRINI,9,12/31/1996,1/18/1997,1/13/1997,1,10.99,Ship Co 1,123 Shipping Blvd,Port City,,12345,Shipper Land
10448,ALFKI,1,1/1/1997,1/18/1997,1/7/1997,1,90.96,Ship Co 1,123 Shipping Blvd,Port City,,12345,Shipper Land
10449,HANAR,6,1/6/1997,1/16/1997,1/14/1997,3,68.73,Ship Co 3,123 Shipping Blvd,Port City,,12345,Shipper Land
10450,PICCO,7,1/7/1997,1/20/1997,1/9/1997,2,55.09,Ship Co 2,123 Shipping Blvd,Port City,,12345,Shipper Land
10451,LONEP,7,1/9/1997,1/30/1997,1/15/1997,1,38.13,Ship Co 1,123 Shipping Blvd,Port City,,12345,Shipper Land
10452,SEVES,7,1/10/1997,1/25/1997,1/18/1997,2,24.43,Ship Co 2,123 Shipping Blvd,Port City,,12345,Shipper Land
10453,BSBEV,7,1/10/1997,1/26/1997,1/21/1997,2,154.66,Ship Co 2,123 Shipping Blvd,Port City,,12345,Shipper Land
10454,SEVES,9,1/11/1997,1/25/1997,1/18/1997,1,102.98,Ship Co 1,123 Shipping Blvd,Port City,,12345,Shipper Land
10455,VINET,2,1/11/1997,1/23/1997,1/14/1997,2,46.84,Ship Co 2,123 Shipping Blvd,Port City,,12345,Shipper Land
10456,SANTG,8,1/12/1997,1/31/1997,1/26/1997,2,62.5,Ship Co 2,123 Shipping Blvd,Port City,,12345,Shipper Land
10457,FURIB,7,1/12/1997,2/2/1997,1/14/1997,1,91.95,Ship Co 1,123 Shipping Blvd,Port City,,12345,Shipper Land
10458,GODOS,7,1/13/1997,1/23/1997,1/25/1997,2,171.35,Ship Co 2,123 Shipping Blvd,Port City,,12345,Shipper Land
10459,SPLIR,1,1/14/1997,1/24/1997,1/19/1997,1,147.41,Ship Co 1,123 Shipping Blvd,Port City,,12345,Shipper Land
10460,VICTE,1,1/15/1997,1/27/1997,1/20/1997,1,67.05,Ship Co 1,123 Shipping Blvd,Port City,,12345,Shipper Land
10461,FOLIG,6,1/18/1997,1/28/1997,1/23/1997,3,61.15,Ship Co 3,123 Shipping Blvd,Port City,,12345,Shipper Land
10462,SAVEA,1,1/18/1997,1/27/1997,1/20/1997,3,92.79,Ship Co 3,123 Shipping Blvd,Port City,,12345,Shipper Land
10463,WANDK,2,1/21/1997,2/3/1997,1/27/1997,3,184.23,Ship Co 3,123 Shipping Blvd,Port City,,12345,Shipper Land
10464,ISLAT,4,1/21/1997,2/8/1997,2/3/1997,3,90.31,Ship Co 3,123 Shipping Blvd,Port City,,12345,Shipper Land
10465,OCEAN,9,1/23/1997,2/9/1997,2/4/1997,3,44.87,Ship Co 3,123 Shipping Blvd,Port City,,12345,Shipper Land
10466,GREAL,1,1/23/1997,1/30/1997,1/26/1997,3,196.8,Ship Co 3,123 Shipping Blvd,Port City,,12345,Shipper Land
10467,CHOPS,8,1/23/1997,2/12/1997,1/30/1997,3,48.2,Ship Co 3,123 Shipping Blvd,Port City,,12345,Shipper Land
10468,PERIC,2,1/24/1997,2/2/1997,1/26/1997,3,35.36,Ship Co 3,123 Shipping Blvd,Port City,,12345,Shipper Land
10469,GREAL,9,1/24/1997,2/14/1997,2/4/1997,3,126.52,Ship Co 3,123 Shipping Blvd,Port City,,12345,Shipper Land
10470,LINOD,9,1/25/1997,2/13/1997,1/28/1997,2,106.64,Ship Co 2,123 Shipping Blvd,Port City,,12345,Shipper Land
10471,HUNGO,9,1/26/1997,2/12/1997,2/9/1997,3,39.75,Ship Co 3,123 Shipping Blvd,Port City,,12345,Shipper Land
10472,FISSA,3,1/27/1997,2/11/1997,2/6/1997,3,66.3,Ship Co 3,123 Shipping Blvd,Port City,,12345,Shipper Land
10473,RATTC,5,1/28/1997,2/14/1997,2/8/1997,1,98.22,Ship Co 1,123 Shipping Blvd,Port City,,12345,Shipper Land
10474,PERIC,2,1/28/1997,2/14/1997,2/3/1997,1,169.58,Ship Co 1,123 Shipping Blvd,Port City,,12345,Shipper Land
10475,SANTG,9,1/30/1997,2/12/1997,2/3/1997,2,53.79,Ship Co 2,123 Shipping Blvd,Port City,,12345,Shipper Land
10476,NORTS,6,1/30/1997,2/18/1997,2/11/1997,1,73.09,Ship Co 1,123 Shipping Blvd,Port City,,12345,Shipper Land
10477,QUEDE,6,1/31/1997,2/14/1997,2/9/1997,3,20.43,Ship Co 3,123 Shipping Blvd,Port City,,12345,Shipper Land
10478,ROMEY,6,1/31/1997,2/7/1997,2/13/1997,3,56.94,Ship Co 3,123 Shipping Blvd,Port City,,12345,Shipper Land
10479,REGGC,7,1/31/1997,2/17/1997,2/5/1997,3,4.99,Ship Co 3,123 Shipping Blvd,Port City,,12345,Shipper Land
10480,LAMAI,8,2/1/1997,2/19/1997,2/13/1997,3,96.48,Ship Co 3,123 Shipping Blvd,Port City,,12345,Shipper Land
10481,QUEEN,2,2/5/1997,2/23/1997,2/9/1997,3,182.97,Ship Co 3,123 Shipping Blvd,Port City,,12345,Shipper Land
10482,FISSA,9,2/5/1997,2/12/1997,2/17/1997,3,25.51,Ship Co 3,123 Shipping Blvd,Port City,,12345,Shipper Land
10483,HILAA,9,2/8/1997,2/28/1997,2/12/1997,3,186.67,Ship Co 3,123 Shipping Blvd,Port City,,12345,Shipper Land
10484,PERIC,5,2/8/1997,2/19/1997,2/11/1997,1,176.8,Ship Co 1,123 Shipping Blvd,Port City,,12345,Shipper Land
10485,DUMON,2,2/11/1997,3/4/1997,2/13/1997,3,150.74,Ship Co 3,123 Shipping Blvd,Port City,,12345,Shipper Land
10486,RICSU,2,2/12/1997,2/22/1997,2/25/1997,3,89.9,Ship Co 3,123 Shipping Blvd,Port City,,12345,Shipper Land
10487,BOLID,6,2/12/1997,2/26/1997,2/21/1997,3,123.95,Ship Co 3,123 Shipping Blvd,Port City,,12345,Shipper Land
10488,RANCH,4,2/12/1997,3/4/1997,2/19/1997,2,54.44,Ship Co 2,123 Shipping Blvd,Port City,,12345,Shipper Land
10489,BONAP,4,2/13/1997,2/27/1997,2/26/1997,1,53.61,Ship Co 1,123 Shipping Blvd,Port City,,12345,Shipper Land
10490,PRINI,7,2/15/1997,2/27/1997,2/23/1997,3,154.7,Ship Co 3,123 Shipping Blvd,Port City,,12345,Shipper Land
10491,RANCH,2,2/15/1997,3/3/1997,2/26/1997,3,28.99,Ship Co 3,123 Shipping Blvd,Port City,,12345,Shipper Land
10492,LETSS,8,2/16/1997,3/8/1997,2/20/1997,1,61.73,Ship Co 1,123 Shipping Blvd,Port City,,12345,Shipper Land
10493,TRAIH,6,2/16/1997,2/28/1997,2/17/1997,2,192.92,Ship Co 2,123 Shipping Blvd,Port City,,12345,Shipper Land
10494,MORGK,4,2/17/1997,3/6/1997,2/18/1997,1,66.32,Ship Co 1,123 Shipping Blvd,Port City,,12345,Shipper Land
10495,WOLZA,5,2/18/1997,3/6/1997,2/23/1997,2,128.91,Ship Co 2,123 Shipping Blvd,Port City,,12345,Shipper Land
10496,SUPRD,6,2/19/1997,3/9/1997,3/2/1997,3,109.78,Ship Co 3,123 Shipping Blvd,Port City,,12345,Shipper Land
10497,CENTC,1,2/20/1997,3/2/1997,3/3/1997,3,83.25,Ship Co 3,123 Shipping Blvd,Port City,,12345,Shipper Land
10498,MORGK,6,2/23/1997,3/2/1997,3/9/1997,1,54.28,Ship Co 1,123 Shipping Blvd,Port City,,12345,Shipper Land
10499,LAZYK,1,2/23/1997,3/16/1997,2/25/1997,1,15.1,Ship Co 1,123 Shipping Blvd,Port City,,12345,Shipper Land
10500,BOTTM,1,2/24/1997,3/6/1997,3/6/1997,1,141.86,Ship Co 1,123 Shipping Blvd,Port City,,12345,Shipper Land
10501,GALED,6,2/24/1997,3/15/1997,3/6/1997,3,127.69,Ship Co 3,123 Shipping Blvd,Port City,,12345,Shipper Land
10502,RANCH,4,2/24/1997,3/12/1997,3/3/1997,3,110.58,Ship Co 3,123 Shipping Blvd,Port City,,12345,Shipper Land
10503,CHOPS,3,2/24/1997,3/9/1997,3/3/1997,3,4.3,Ship Co 3,123 Shipping Blvd,Port City,,12345,Shipper Land
10504,WOLZA,3,2/25/1997,3/15/1997,3/4/1997,2,43.58,Ship Co 2,123 Shipping Blvd,Port City,,12345,Shipper Land
10505,PICCO,5,2/26/1997,3/15/1997,3/6/1997,1,51.81,Ship Co 1,123 Shipping Blvd,Port City,,12345,Shipper Land
10506,SPECD,6,2/28/1997,3/21/1997,3/14/1997,3,119.99,Ship Co 3,123 Shipping Blvd,Port City,,12345,Shipper Land
10507,WOLZA,2,2/28/1997,3/17/1997,3/7/1997,1,19.94,Ship Co 1,123 Shipping Blvd,Port City,,12345,Shipper Land
10508,SPLIR,4,3/1/1997,3/9/1997,3/8/1997,3,119.31,Ship Co 3,123 Shipping Blvd,Port City,,12345,Shipper Land
10509,SANTG,6,3/1/1997,3/13/1997,3/6/1997,1,17.03,Ship Co 1,123 Shipping Blvd,Port City,,12345,Shipper Land
10510,PRINI,2,3/2/1997,3/19/1997,3/3/1997,2,62.05,Ship Co 2,123 Shipping Blvd,Port City,,12345,Shipper Land
10511,MEREP,6,3/3/1997,3/14/1997,3/8/1997,3,140.44,Ship Co 3,123 Shipping Blvd,Port City,,12345,Shipper Land
10512,PERIC,5,3/4/1997,3/20/1997,3/12/1997,1,47.57,Ship Co 1,123 Shipping Blvd,Port City,,12345,Shipper Land
10513,EASTC,1,3/4/1997,3/18/1997,3/11/1997,1,142.62,Ship Co 1,123 Shipping Blvd,Port City,,12345,Shipper Land
10514,BONAP,8,3/5/1997,3/22/1997,3/12/1997,2,23.06,Ship Co 2,123 Shipping Blvd,Port City,,12345,Shipper Land
10515,OTTIK,2,3/5/1997,3/15/1997,3/6/1997,3,24.08,Ship Co 3,123 Shipping Blvd,Port City,,12345,Shipper Land
10516,WARTH,7,3/7/1997,3/27/1997,3/17/1997,2,179.41,Ship Co 2,123 Shipping Blvd,Port City,,12345,Shipper Land
10517,GALED,1,3/7/1997,3/22/1997,3/12/1997,2,115.56,Ship Co 2,123 Shipping Blvd,Port City,,12345,Shipper Land
10518,GODOS,4,3/8/1997,3/19/1997,3/22/1997,1,41.35,Ship Co 1,123 Shipping Blvd,Port City,,12345,Shipper Land
10519,WELLI,5,3/9/1997,3/27/1997,3/11/1997,1,120.48,Ship Co 1,123 Shipping Blvd,Port City,,12345,Shipper Land
10520,CHOPS,1,3/10/1997,3/27/1997,3/13/1997,1,155.91,Ship Co 1,123 Shipping Blvd,Port City,,12345,Shipper Land
10521,LEHMS,7,3/10/1997,3/24/1997,3/23/1997,2,6.71,Ship Co 2,123 Shipping Blvd,Port City,,12345,Shipper Land
10522,QUEDE,6,3/10/1997,3/27/1997,3/15/1997,2,111.14,Ship Co 2,123 Shipping Blvd,Port City,,12345,Shipper Land
10523,RICSU,7,3/10/1997,3/26/1997,3/17/1997,2,16.65,Ship Co 2,123 Shipping Blvd,Port City,,12345,Shipper Land
10524,FAMIA,9,3/10/1997,3/19/1997,3/19/1997,2,66.87,Ship Co 2,123 Shipping Blvd,Port City,,12345,Shipper Land
10525,HILAA,2,3/13/1997,3/21/1997,3/25/1997,3,31.69,Ship Co 3,123 Shipping Blvd,Port City,,12345,Shipper Land
10526,HUNGC,7,3/13/1997,3/23/1997,3/26/1997,1,168.18,Ship Co 1,123 Shipping Blvd,Port City,,12345,Shipper Land
10527,TORTU,1,3/14/1997,4/3/1997,3/18/1997,1,31.32,Ship Co 1,123 Shipping Blvd,Port City,,12345,Shipper Land
10528,PERIC,1,3/14/1997,4/3/1997,3/19/1997,1,53.3,Ship Co 1,123 Shipping Blvd,Port City,,12345,Shipper Land
10529,QUICK,7,3/14/1997,4/3/1997,3/27/1997,3,29.29,Ship Co 3,123 Shipping Blvd,Port City,,12345,Shipper Land
10530,PERIC,9,3/15/1997,3/25/1997,3/19/1997,1,28.9,Ship Co 1,123 Shipping Blvd,Port City,,12345,Shipper Land
10531,MAGAA,2,3/15/1997,3/24/1997,3/20/1997,2,174.56,Ship Co 2,123 Shipping Blvd,Port City,,12345,Shipper Land
10532,WARTH,7,3/15/1997,3/23/1997,3/20/1997,2,150.01,Ship Co 2,123 Shipping Blvd,Port City,,12345,Shipper Land
10533,GROSR,6,3/16/1997,3/24/1997,3/28/1997,3,157.62,Ship Co 3,123 Shipping Blvd,Port City,,12345,Shipper Land
10534,TRADH,3,3/17/1997,4/5/1997,3/28/1997,3,20.34,Ship Co 3,123 Shipping Blvd,Port City,,12345,Shipper Land
10535,THEBI,8,3/18/1997,4/5/1997,3/22/1997,2,123.72,Ship Co 2,123 Shipping Blvd,Port City,,12345,Shipper Land
10536,ANTON,8,3/19/1997,3/27/1997,4/2/1997,1,150.06,Ship Co 1,123 Shipping Blvd,Port City,,12345,Shipper Land
10537,BONAP,2,3/19/1997,4/2/1997,4/2/1997,1,80.74,Ship Co 1,123 Shipping Blvd,Port City,,12345,Shipper Land
10538,FRANS,3,3/19/1997,4/6/1997,3/27/1997,3,139.34,Ship Co 3,123 Shipping Blvd,Port City,,12345,Shipper Land
10539,BONAP,6,3/20/1997,3/27/1997,4/1/1997,3,69.62,Ship Co 3,123 Shipping Blvd,Port City,,12345,Shipper Land
10540,ALFKI,7,3/21/1997,4/8/1997,3/22/1997,3,104.46,Ship Co 3,123 Shipping Blvd,Port City,,12345,Shipper Land
10541,SEVES,9,3/25/1997,4/9/1997,3/29/1997,3,116.52,Ship Co 3,123 Shipping Blvd,Port City,,12345,Shipper Land
10542,HILAA,3,3/26/1997,4/7/1997,3/29/1997,1,146.85,Ship Co 1,123 Shipping Blvd,Port City,,12345,Shipper Land
10543,CHOPS,6,3/29/1997,4/11/1997,4/8/1997,2,135.29,Ship Co 2,123 Shipping Blvd,Port City,,12345,Shipper Land
10544,MEREP,1,3/29/1997,4/5/1997,4/2/1997,3,101.82,Ship Co 3,123 Shipping Blvd,Port City,,12345,Shipper Land
10545,SPLIR,7,3/30/1997,4/15/1997,4/11/1997,1,80.48,Ship Co 1,123 Shipping Blvd,Port City,,12345,Shipper Land
10546,RATTC,3,3/30/1997,4/18/1997,4/8/1997,3,182.61,Ship Co 3,123 Shipping Blvd,Port City,,12345,Shipper Land
10547,GALED,5,3/30/1997,4/13/1997,4/7/1997,3,167.58,Ship Co 3,123 Shipping Blvd,Port City,,12345,Shipper Land
10548,LILAS,4,3/30/1997,4/14/1997,4/13/1997,2,140.98,Ship Co 2,123 Shipping Blvd,Port City,,12345,Shipper Land
10549,FOLIG,2,3/31/1997,4/7/1997,4/8/1997,2,174.95,Ship Co 2,123 Shipping Blvd,Port City,,12345,Shipper Land
10550,RICSU,7,4/1/1997,4/10/1997,4/2/1997,1,23.62,Ship Co 1,123 Shipping Blvd,Port City,,12345,Shipper Land
10551,WILMK,5,4/3/1997,4/12/1997,4/4/1997,2,152.72,Ship Co 2,123 Shipping Blvd,Port City,,12345,Shipper Land
10552,BSBEV,7,4/3/1997,4/11/1997,4/16/1997,1,86.69,Ship Co 1,123 Shipping Blvd,Port City,,12345,Shipper Land
10553,CENTC,3,4/3/1997,4/13/1997,4/11/1997,2,11.07,Ship Co 2,123 Shipping Blvd,Port City,,12345,Shipper Land
10554,LONEP,2,4/3/1997,4/16/1997,4/16/1997,2,191.9,Ship Co 2,123 Shipping Blvd,Port City,,12345,Shipper Land
10555,PERIC,7,4/5/1997,4/18/1997,4/16/1997,1,16.03,Ship Co 1,123 Shipping Blvd,Port City,,12345,Shipper Land
10556,OTTIK,9,4/6/1997,4/16/1997,4/19/1997,1,171.41,Ship Co 1,123 Shipping Blvd,Port City,,12345,Shipper Land
10557,WELLI,2,4/7/1997,4/28/1997,4/8/1997,3,185.19,Ship Co 3,123 Shipping Blvd,Port City,,12345,Shipper Land
10558,GREAL,4,4/8/1997,4/16/1997,4/11/1997,3,11.1,Ship Co 3,123 Shipping Blvd,Port City,,12345,Shipper Land
10559,MAGAA,9,4/10/1997,4/18/1997,4/15/1997,2,179.26,Ship Co 2,123 Shipping Blvd,Port City,,12345,Shipper Land
10560,TOMSP,5,4/11/1997,4/28/1997,4/14/1997,3,107.16,Ship Co 3,123 Shipping Blvd,Port City,,12345,Shipper Land
10561,FRANK,9,4/12/1997,4/19/1997,4/21/1997,3,18.04,Ship Co 3,123 Shipping Blvd,Port City,,12345,Shipper Land
10562,BERGS,2,4/12/1997,5/3/1997,4/16/1997,2,162.09,Ship Co 2,123 Shipping Blvd,Port City,,12345,Shipper Land
10563,THEBI,9,4/13/1997,4/29/1997,4/25/1997,1,57.32,Ship Co 1,123 Shipping Blvd,Port City,,12345,Shipper Land
10564,FAMIA,1,4/14/1997,5/4/1997,4/27/1997,2,139.93,Ship Co 2,123 Shipping Blvd,Port City,,12345,Shipper Land
10565,CHOPS,6,4/14/1997,4/24/1997,4/17/1997,1,19.46,Ship Co 1,123 Shipping Blvd,Port City,,12345,Shipper Land
10566,TRAIH,7,4/14/1997,4/30/1997,4/17/1997,1,163.03,Ship Co 1,123 Shipping Blvd,Port City,,12345,Shipper Land
10567,SANTG,4,4/15/1997,4/29/1997,4/26/1997,3,27.33,Ship Co 3,123 Shipping Blvd,Port City,,12345,Shipper Land
10568,PARIS,2,4/15/1997,4/25/1997,4/23/1997,3,161.8,Ship Co 3,123 Shipping Blvd,Port City,,12345,Shipper Land
10569,MORGK,9,4/15/1997,5/2/1997,4/21/1997,3,136.22,Ship Co 3,123 Shipping Blvd,Port City,,12345,Shipper Land
10570,KOENE,4,4/15/1997,4/26/1997,4/24/1997,3,154.46,Ship Co 3,123 Shipping Blvd,Port City,,12345,Shipper Land
10571,FAMIA,3,4/15/1997,4/26/1997,4/24/1997,2,117.21,Ship Co 2,123 Shipping Blvd,Port City,,12345,Shipper Land
10572,BLONP,3,4/16/1997,4/26/1997,4/23/1997,2,105.62,Ship Co 2,123 Shipping Blvd,Port City,,12345,Shipper Land
10573,MAGAA,8,4/18/1997,5/9/1997,5/1/1997,3,79.63,Ship Co 3,123 Shipping Blvd,Port City,,12345,Shipper Land
10574,BOTTM,8,4/19/1997,5/9/1997,5/1/1997,2,137.79,Ship Co 2,123 Shipping Blvd,Port City,,12345,Shipper Land
10575,FRANR,5,4/20/1997,4/28/1997,5/4/1997,3,127.38,Ship Co 3,123 Shipping Blvd,Port City,,12345,Shipper Land
10576,LEHMS,8,4/21/1997,5/5/1997,4/29/1997,1,37.69,Ship Co 1,123 Shipping Blvd,Port City,,12345,Shipper Land
10577,VINET,9,4/22/1997,5/10/1997,4/29/1997,1,143.96,Ship Co 1,123 Shipping Blvd,Port City,,12345,Shipper Land
10578,TOMSP,2,4/23/1997,5/10/1997,4/25/1997,2,119.22,Ship Co 2,123 Shipping Blvd,Port City,,12345,Shipper Land
10579,CONSH,8,4/24/1997,5/15/1997,5/2/1997,3,6.75,Ship Co 3,123 Shipping Blvd,Port City,,12345,Shipper Land
10580,OTTIK,2,4/24/1997,5/12/1997,4/28/1997,3,195.69,Ship Co 3,123 Shipping Blvd,Port City,,12345,Shipper Land
10581,MAGAA,1,4/24/1997,5/11/1997,5/6/1997,3,78.12,Ship Co 3,123 Shipping Blvd,Port City,,12345,Shipper Land
10582,RANCH,1,4/26/1997,5/4/1997,5/2/1997,1,149.66,Ship Co 1,123 Shipping Blvd,Port City,,12345,Shipper Land
10583,GOURL,6,4/28/1997,5/5/1997,5/5/1997,1,114.56,Ship Co 1,123 Shipping Blvd,Port City,,12345,Shipper Land
10584,ROMEY,4,4/29/1997,5/10/1997,4/30/1997,2,58.45,Ship Co 2,123 Shipping Blvd,Port City,,12345,Shipper Land
10585,EASTC,7,4/30/1997,5/12/1997,5/6/1997,2,49.6,Ship Co 2,123 Shipping Blvd,Port City,,12345,Shipper Land
10586,CHOPS,5,5/1/1997,5/13/1997,5/2/1997,1,15.77,Ship Co 1,123 Shipping Blvd,Port City,,12345,Shipper Land
10587,DUMON,3,5/1/1997,5/20/1997,5/9/1997,3,83.14,Ship Co 3,123 Shipping Blvd,Port City,,12345,Shipper Land
10588,LACOR,7,5/4/1997,5/20/1997,5/18/1997,1,114.16,Ship Co 1,123 Shipping Blvd,Port City,,12345,Shipper Land
10589,MEREP,1,5/4/1997,5/12/1997,5/8/1997,2,114.78,Ship Co 2,123 Shipping Blvd,Port City,,12345,Shipper Land
10590,THECR,9,5/5/1997,5/22/1997,5/19/1997,2,40.58,Ship Co 2,123 Shipping Blvd,Port City,,12345,Shipper Land
10591,HANAR,3,5/6/1997,5/14/1997,5/17/1997,1,23.97,Ship Co 1,123 Shipping Blvd,Port City,,12345,Shipper Land
10592,VAFFE,3,5/6/1997,5/19/1997,5/9/1997,1,198.6,Ship Co 1,123 Shipping Blvd,Port City,,12345,Shipper Land
10593,AROUT,3,5/6/1997,5/26/1997,5/11/1997,2,190.47,Ship Co 2,123 Shipping Blvd,Port City,,12345,Shipper Land
10594,RATTC,1,5/6/1997,5/19/1997,5/8/1997,3,114.67,Ship Co 3,123 Shipping Blvd,Port City,,12345,Shipper Land
10595,SUPRD,9,5/7/1997,5/14/1997,5/12/1997,1,176.06,Ship Co 1,123 Shipping Blvd,Port City,,12345,Shipper Land
10596,PRINI,3,5/7/1997,5/25/1997,5/21/1997,3,183.03,Ship Co 3,123 Shipping Blvd,Port City,,12345,Shipper Land
10597,MEREP,1,5/7/1997,5/22/1997,5/12/1997,1,20.7,Ship Co 1,123 Shipping Blvd,Port City,,12345,Shipper Land
10598,FRANK,9,5/8/1997,5/23/1997,5/12/1997,2,149.82,Ship Co 2,123 Shipping Blvd,Port City,,12345,Shipper Land
10599,ANATR,9,5/9/1997,5/28/1997,5/19/1997,3,133.9,Ship Co 3,123 Shipping Blvd,Port City,,12345,Shipper Land
10600,HANAR,1,5/9/1997,5/27/1997,5/19/1997,3,131.08,Ship Co 3,123 Shipping Blvd,Port City,,12345,Shipper Land
10601,OLDWO,3,5/10/1997,5/21/1997,5/14/1997,1,158.03,Ship Co 1,123 Shipping Blvd,Port City,,12345,Shipper Land
10602,SEVES,2,5/11/1997,5/21/1997,5/13/1997,3,153.12,Ship Co 3,123 Shipping Blvd,Port City,,12345,Shipper Land
10603,RATTC,5,5/11/1997,5/24/1997,5/23/1997,2,108.46,Ship Co 2,123 Shipping Blvd,Port City,,12345,Shipper Land
10604,FURIB,1,5/11/1997,5/29/1997,5/25/1997,2,167.35,Ship Co 2,123 Shipping Blvd,Port City,,12345,Shipper Land
10605,VICTE,4,5/11/1997,5/26/1997,5/20/1997,2,134.62,Ship Co 2,123 Shipping Blvd,Port City,,12345,Shipper Land
10606,FURIB,6,5/12/1997,5/30/1997,5/16/1997,3,83.12,Ship Co 3,123 Shipping Blvd,Port City,,12345,Shipper Land
10607,FRANK,2,5/13/1997,5/23/1997,5/18/1997,3,63.79,Ship Co 3,123 Shipping Blvd,Port City,,12345,Shipper Land
10608,FISSA,7,5/13/1997,5/29/1997,5/21/1997,2,138.26,Ship Co 2,123 Shipping Blvd,Port City,,12345,Shipper Land
10609,PARIS,5,5/14/1997,6/1/1997,5/24/1997,3,25.75,Ship Co 3,123 Shipping Blvd,Port City,,12345,Shipper Land
10610,QUICK,6,5/16/1997,5/26/1997,5/19/1997,1,39.21,Ship Co 1,123 Shipping Blvd,Port City,,12345,Shipper Land
10611,FRANK,8,5/16/1997,6/4/1997,5/29/1997,3,74.2,Ship Co 3,123 Shipping Blvd,Port City,,12345,Shipper Land
10612,DRACD,6,5/17/1997,5/30/1997,5/26/1997,3,134.35,Ship Co 3,123 Shipping Blvd,Port City,,12345,Shipper Land
10613,QUEDE,9,5/17/1997,5/30/1997,5/26/1997,3,51.41,Ship Co 3,123 Shipping Blvd,Port City,,12345,Shipper Land
10614,WILMK,8,5/18/1997,6/7/1997,5/23/1997,1,137.29,Ship Co 1,123 Shipping Blvd,Port City,,12345,Shipper Land
10615,LONEP,5,5/20/1997,6/1/1997,5/27/1997,3,190.76,Ship Co 3,123 Shipping Blvd,Port City,,12345,Shipper Land
10616,WOLZA,7,5/20/1997,6/2/1997,5/30/1997,2,128.39,Ship Co 2,123 Shipping Blvd,Port City,,12345,Shipper Land
10617,RANCH,3,5/20/1997,6/8/1997,5/24/1997,2,199.2,Ship Co 2,123 Shipping Blvd,Port City,,12345,Shipper Land
10618,EASTC,4,5/20/1997,5/27/1997,5/27/1997,3,4.23,Ship Co 3,123 Shipping Blvd,Port City,,12345,Shipper Land
10619,GROSR,1,5/20/1997,5/27/1997,5/29/1997,2,41.41,Ship Co 2,123 Shipping Blvd,Port City,,12345,Shipper Land
10620,RATTC,8,5/21/1997,5/28/1997,5/22/1997,3,183.96,Ship Co 3,123 Shipping Blvd,Port City,,12345,Shipper Land
10621,DRACD,7,5/21/1997,6/1/1997,5/25/1997,2,134.67,Ship Co 2,123 Shipping Blvd,Port City,,12345,Shipper Land
10622,KOENE,2,5/21/1997,6/10/1997,6/1/1997,3,101.92,Ship Co 3,123 Shipping Blvd,Port City,,12345,Shipper Land
10623,CHOPS,1,5/23/1997,6/6/1997,5/25/1997,1,81.28,Ship Co 1,123 Shipping Blvd,Port City,,12345,Shipper Land
10624,SUPRD,5,5/26/1997,6/8/1997,5/29/1997,3,67.94,Ship Co 3,123 Shipping Blvd,Port City,,12345,Shipper Land
10625,HUNGC,1,5/26/1997,6/5/1997,6/5/1997,2,12.66,Ship Co 2,123 Shipping Blvd,Port City,,12345,Shipper Land
10626,SPECD,2,5/27/1997,6/16/1997,6/1/1997,3,75.19,Ship Co 3,123 Shipping Blvd,Port City,,12345,Shipper Land
10627,CACTU,1,5/28/1997,6/14/1997,6/2/1997,1,130.81,Ship Co 1,123 Shipping Blvd,Port City,,12345,Shipper Land
10628,VINET,3,5/28/1997,6/8/1997,6/1/1997,2,104.73,Ship Co 2,123 Shipping Blvd,Port City,,12345,Shipper Land
10629,FRANK,9,5/29/1997,6/18/1997,6/11/1997,1,4.57,Ship Co 1,123 Shipping Blvd,Port City,,12345,Shipper Land
10630,SEVES,6,5/30/1997,6/7/1997,6/11/1997,3,96.59,Ship Co 3,123 Shipping Blvd,Port City,,12345,Shipper Land
10631,SUPRD,3,5/31/1997,6/7/1997,6/1/1997,1,141.23,Ship Co 1,123 Shipping Blvd,Port City,,12345,Shipper Land
10632,BLONP,2,6/1/1997,6/17/1997,6/14/1997,3,31.96,Ship Co 3,123 Shipping Blvd,Port City,,12345,Shipper Land
10633,HUNGC,7,6/3/1997,6/22/1997,6/9/1997,2,150.65,Ship Co 2,123 Shipping Blvd,Port City,,12345,Shipper Land
10634,GODOS,5,6/3/1997,6/17/1997,6/9/1997,1,15.86,Ship Co 1,123 Shipping Blvd,Port City,,12345,Shipper Land
10635,HUNGC,1,6/5/1997,6/14/1997,6/18/1997,1,171.82,Ship Co 1,123 Shipping Blvd,Port City,,12345,Shipper Land
10636,WHITC,5,6/5/1997,6/22/1997,6/15/1997,3,117.25,Ship Co 3,123 Shipping Blvd,Port City,,12345,Shipper Land
10637,HUNGO,8,6/6/1997,6/24/1997,6/13/1997,2,132.85,Ship Co 2,123 Shipping Blvd,Port City,,12345,Shipper Land
10638,WANDK,1,6/7/1997,6/14/1997,6/11/1997,1,18.71,Ship Co 1,123 Shipping Blvd,Port City,,12345,Shipper Land
10639,FOLIG,5,6/8/1997,6/16/1997,6/9/1997,2,116.54,Ship Co 2,123 Shipping Blvd,Port City,,12345,Shipper Land
10640,SPLIR,7,6/8/1997,6/16/1997,6/19/1997,3,62.23,Ship Co 3,123 Shipping Blvd,Port City,,12345,Shipper Land
10641,BLONP,2,6/8/1997,6/16/1997,6/9/1997,2,36.42,Ship Co 2,123 Shipping Blvd,Port City,,12345,Shipper Land
10642,LILAS,8,6/8/1997,6/22/1997,6/16/1997,2,155.18,Ship Co 2,123 Shipping Blvd,Port City,,12345,Shipper Land
10643,BERGS,3,6/12/1997,6/21/1997,6/25/1997,2,58.09,Ship Co 2,123 Shipping Blvd,Port City,,12345,Shipper Land
10644,LACOR,7,6/12/1997,7/1/1997,6/13/1997,3,21.69,Ship Co 3,123 Shipping Blvd,Port City,,12345,Shipper Land
10645,VAFFE,8,6/14/1997,7/3/1997,6/19/1997,2,148.18,Ship Co 2,123 Shipping Blvd,Port City,,12345,Shipper Land
10646,SIMOB,3,6/14/1997,6/30/1997,6/23/1997,2,170.63,Ship Co 2,123 Shipping Blvd,Port City,,12345,Shipper Land
10647,WELLI,3,6/15/1997,7/2/1997,6/29/1997,3,93.46,Ship Co 3,123 Shipping Blvd,Port City,,12345,Shipper Land
10648,WOLZA,8,6/15/1997,7/1/1997,6/25/1997,3,7.17,Ship Co 3,123 Shipping Blvd,Port City,,12345,Shipper Land
10649,BLAUS,7,6/15/1997,7/4/1997,6/17/1997,3,185.4,Ship Co 3,123 Shipping Blvd,Port City,,12345,Shipper Land
10650,BOTTM,3,6/16/1997,6/28/1997,6/20/1997,1,102.59,Ship Co 1,123 Shipping Blvd,Port City,,12345,Shipper Land
10651,LONEP,8,6/16/1997,6/30/1997,6/19/1997,3,184.94,Ship Co 3,123 Shipping Blvd,Port City,,12345,Shipper Land
10652,ALFKI,5,6/17/1997,7/2/1997,6/30/1997,2,57.28,Ship Co 2,123 Shipping Blvd,Port City,,12345,Shipper Land
10653,MAISD,6,6/21/1997,7/6/1997,7/1/1997,1,54.82,Ship Co 1,123 Shipping Blvd,Port City,,12345,Shipper Land
10654,WHITC,5,6/21/1997,7/11/1997,6/24/1997,1,18.99,Ship Co 1,123 Shipping Blvd,Port City,,12345,Shipper Land
10655,MAGAA,9,6/22/1997,7/7/1997,6/28/1997,2,91.61,Ship Co 2,123 Shipping Blvd,Port City,,12345,Shipper Land
10656,WARTH,5,6/22/1997,6/30/1997,6/29/1997,2,136.02,Ship Co 2,123 Shipping Blvd,Port City,,12345,Shipper Land
10657,ISLAT,3,6/22/1997,7/11/1997,7/5/1997,3,9.37,Ship Co 3,123 Shipping Blvd,Port City,,12345,Shipper Land
10658,RATTC,3,6/22/1997,7/1/1997,7/3/1997,3,108.96,Ship Co 3,123 Shipping Blvd,Port City,,12345,Shipper Land
10659,GODOS,7,6/23/1997,7/1/1997,6/24/1997,2,167.9,Ship Co 2,123 Shipping Blvd,Port City,,12345,Shipper Land
10660,VICTE,2,6/27/1997,7/14/1997,7/1/1997,1,9.01,Ship Co 1,123 Shipping Blvd,Port City,,12345,Shipper Land
10661,SIMOB,3,6/28/1997,7/7/1997,6/29/1997,1,131.81,Ship Co 1,123 Shipping Blvd,Port City,,12345,Shipper Land
10662,FISSA,7,6/28/1997,7/16/1997,7/12/1997,1,123.61,Ship Co 1,123 Shipping Blvd,Port City,,12345,Shipper Land
10663,NORTS,3,6/28/1997,7/8/1997,7/10/1997,2,123.6,Ship Co 2,123 Shipping Blvd,Port City,,12345,Shipper Land
10664,OCEAN,7,6/29/1997,7/18/1997,7/4/1997,3,108.11,Ship Co 3,123 Shipping Blvd,Port City,,12345,Shipper Land
10665,OTTIK,1,7/1/1997,7/14/1997,7/3/1997,1,4.73,Ship Co 1,123 Shipping Blvd,Port City,,12345,Shipper Land
10666,SIMOB,1,7/2/1997,7/19/1997,7/5/1997,3,196.74,Ship Co 3,123 Shipping Blvd,Port City,,12345,Shipper Land
10667,FOLIG,3,7/2/1997,7/22/1997,7/16/1997,2,48.07,Ship Co 2,123 Shipping Blvd,Port City,,12345,Shipper Land
10668,CACTU,5,7/5/1997,7/21/1997,7/13/1997,2,75.15,Ship Co 2,123 Shipping Blvd,Port City,,12345,Shipper Land
10669,RICSU,6,7/5/1997,7/24/1997,7/7/1997,1,44.77,Ship Co 1,123 Shipping Blvd,Port City,,12345,Shipper Land
10670,WELLI,5,7/5/1997,7/13/1997,7/14/1997,1,60.97,Ship Co 1,123 Shipping Blvd,Port City,,12345,Shipper Land
10671,BLAUS,5,7/6/1997,7/18/1997,7/20/1997,3,146.22,Ship Co 3,123 Shipping Blvd,Port City,,12345,Shipper Land
10672,ANTON,5,7/6/1997,7/17/1997,7/16/1997,3,195.61,Ship Co 3,123 Shipping Blvd,Port City,,12345,Shipper Land
10673,SIMOB,6,7/6/1997,7/13/1997,7/16/1997,3,113.16,Ship Co 3,123 Shipping Blvd,Port City,,12345,Shipper Land
10674,TOMSP,2,7/6/1997,7/20/1997,7/20/1997,3,173.74,Ship Co 3,123 Shipping Blvd,Port City,,12345,Shipper Land
10675,OLDWO,6,7/7/1997,7/24/1997,7/20/1997,1,147.97,Ship Co 1,123 Shipping Blvd,Port City,,12345,Shipper Land
10676,FAMIA,1,7/7/1997,7/24/1997,7/11/1997,2,18.28,Ship Co 2,123 Shipping Blvd,Port City,,12345,Shipper Land
10677,SIMOB,7,7/8/1997,7/17/1997,7/14/1997,3,84.75,Ship Co 3,123 Shipping Blvd,Port City,,12345,Shipper Land
10678,QUEDE,9,7/8/1997,7/18/1997,7/13/1997,3,199.33,Ship Co 3,123 Shipping Blvd,Port City,,12345,Shipper Land
10679,BLAUS,2,7/9/1997,7/19/1997,7/19/1997,2,132.59,Ship Co 2,123 Shipping Blvd,Port City,,12345,Shipper Land
10680,THECR,1,7/9/1997,7/25/1997,7/16/1997,2,31.53,Ship Co 2,123 Shipping Blvd,Port City,,12345,Shipper Land
10681,BOLID,2,7/9/1997,7/30/1997,7/11/1997,3,165.93,Ship Co 3,123 Shipping Blvd,Port City,,12345,Shipper Land
10682,PICCO,4,7/11/1997,7/18/1997,7/25/1997,3,67.06,Ship Co 3,123 Shipping Blvd,Port City,,12345,Shipper Land
10683,FRANS,6,7/12/1997,7/24/1997,7/15/1997,3,134.36,Ship Co 3,123 Shipping Blvd,Port City,,12345,Shipper Land
10684,SUPRD,4,7/12/1997,8/2/1997,7/14/1997,1,199.46,Ship Co 1,123 Shipping Blvd,Port City,,12345,Shipper Land
10685,DUMON,5,7/13/1997,7/23/1997,7/20/1997,3,93.48,Ship Co 3,123 Shipping Blvd,Port City,,12345,Shipper Land
10686,PARIS,7,7/15/1997,8/5/1997,7/22/1997,2,179.03,Ship Co 2,123 Shipping Blvd,Port City,,12345,Shipper Land
10687,DUMON,4,7/15/1997,7/25/1997,7/25/1997,2,96.16,Ship Co 2,123 Shipping Blvd,Port City,,12345,Shipper Land
10688,DRACD,9,7/16/1997,8/4/1997,7/24/1997,1,122.78,Ship Co 1,123 Shipping Blvd,Port City,,12345,Shipper Land
10689,SPECD,2,7/18/1997,8/1/1997,7/24/1997,2,28.4,Ship Co 2,123 Shipping Blvd,Port City,,12345,Shipper Land
10690,LAMAI,2,7/18/1997,8/2/1997,7/27/1997,1,49.11,Ship Co 1,123 Shipping Blvd,Port City,,12345,Shipper Land
10691,RICAR,2,7/19/1997,8/9/1997,7/28/1997,2,170.38,Ship Co 2,123 Shipping Blvd,Port City,,12345,Shipper Land
10692,BOLID,9,7/20/1997,7/29/1997,8/2/1997,3,117.71,Ship Co 3,123 Shipping Blvd,Port City,,12345,Shipper Land
10693,SPLIR,2,7/20/1997,8/6/1997,7/31/1997,1,117.64,Ship Co 1,123 Shipping Blvd,Port City,,12345,Shipper Land
10694,CENTC,6,7/22/1997,7/29/1997,7/26/1997,3,168,Ship Co 3,123 Shipping Blvd,Port City,,12345,Shipper Land
10695,KOENE,5,7/22/1997,8/8/1997,7/31/1997,2,137.2,Ship Co 2,123 Shipping Blvd,Port City,,12345,Shipper Land
10696,PERIC,9,7/22/1997,8/10/1997,7/31/1997,2,97.87,Ship Co 2,123 Shipping Blvd,Port City,,12345,Shipper Land
10697,DUMON,9,7/23/1997,8/9/1997,7/25/1997,2,131.05,Ship Co 2,123 Shipping Blvd,Port City,,12345,Shipper Land
10698,SAVEA,2,7/23/1997,8/10/1997,7/26/1997,1,188.42,Ship Co 1,123 Shipping Blvd,Port City,,12345,Shipper Land
10699,FAMIA,6,7/24/1997,8/7/1997,7/31/1997,3,74.64,Ship Co 3,123 Shipping Blvd,Port City,,12345,Shipper Land
10700,GROSR,8,7/24/1997,8/5/1997,8/7/1997,2,44.42,Ship Co 2,123 Shipping Blvd,Port City,,12345,Shipper Land
10701,SUPRD,6,7/24/1997,8/6/1997,8/4/1997,1,131.01,Ship Co 1,123 Shipping Blvd,Port City,,12345,Shipper Land
10702,LEHMS,4,7/25/1997,8/8/1997,8/4/1997,2,192.29,Ship Co 2,123 Shipping Blvd,Port City,,12345,Shipper Land
10703,DRACD,5,7/26/1997,8/13/1997,7/31/1997,1,36.36,Ship Co 1,123 Shipping Blvd,Port City,,12345,Shipper Land
10704,TOMSP,3,7/27/1997,8/14/1997,8/7/1997,2,114.25,Ship Co 2,123 Shipping Blvd,Port City,,12345,Shipper Land
10705,LACOR,6,7/28/1997,8/12/1997,8/5/1997,3,53.05,Ship Co 3,123 Shipping Blvd,Port City,,12345,Shipper Land
10706,PARIS,6,7/28/1997,8/17/1997,8/10/1997,3,67.61,Ship Co 3,123 Shipping Blvd,Port City,,12345,Shipper Land
10707,BLONP,7,7/29/1997,8/9/1997,8/7/1997,1,174.3,Ship Co 1,123 Shipping Blvd,Port City,,12345,Shipper Land
10708,RANCH,4,7/30/1997,8/16/1997,8/9/1997,1,182.65,Ship Co 1,123 Shipping Blvd,Port City,,12345,Shipper Land
10709,WARTH,4,7/30/1997,8/18/1997,8/10/1997,2,140.53,Ship Co 2,123 Shipping Blvd,Port City,,12345,Shipper Land
10710,SAVEA,1,7/31/1997,8/9/1997,8/3/1997,3,160.82,Ship Co 3,123 Shipping Blvd,Port City,,12345,Shipper Land
10711,FRANR,9,7/31/1997,8/7/1997,8/1/1997,1,146.4,Ship Co 1,123 Shipping Blvd,Port City,,12345,Shipper Land
10712,WHITC,3,8/1/1997,8/19/1997,8/14/1997,3,145.11,Ship Co 3,123 Shipping Blvd,Port City,,12345,Shipper Land
10713,NORTS,8,8/1/1997,8/16/1997,8/10/1997,2,137.25,Ship Co 2,123 Shipping Blvd,Port City,,12345,Shipper Land
10714,DUMON,6,8/1/1997,8/14/1997,8/7/1997,3,50.31,Ship Co 3,123 Shipping Blvd,Port City,,12345,Shipper Land
10715,HUNGO,9,8/1/1997,8/17/1997,8/8/1997,3,142.61,Ship Co 3,123 Shipping Blvd,Port City,,12345,Shipper Land
10716,MAISD,7,8/2/1997,8/13/1997,8/3/1997,3,156.05,Ship Co 3,123 Shipping Blvd,Port City,,12345,Shipper Land
10717,RANCH,3,8/3/1997,8/22/1997,8/14/1997,1,193,Ship Co 1,123 Shipping Blvd,Port City,,12345,Shipper Land
10718,LAZYK,3,8/3/1997,8/14/1997,8/8/1997,3,17.22,Ship Co 3,123 Shipping Blvd,Port City,,12345,Shipper Land
10719,GALED,4,8/3/1997,8/12/1997,8/4/1997,3,129.83,Ship Co 3,123 Shipping Blvd,Port City,,12345,Shipper Land
10720,SPECD,1,8/6/1997,8/22/1997,8/19/1997,1,76.7,Ship Co 1,123 Shipping Blvd,Port City,,12345,Shipper Land
10721,WELLI,7,8/12/1997,8/19/1997,8/20/1997,2,85.91,Ship Co 2,123 Shipping Blvd,Port City,,12345,Shipper Land
10722,THECR,1,8/13/1997,8/20/1997,8/18/1997,2,149.29,Ship Co 2,123 Shipping Blvd,Port City,,12345,Shipper Land
10723,KOENE,6,8/13/1997,8/21/1997,8/23/1997,1,65.2,Ship Co 1,123 Shipping Blvd,Port City,,12345,Shipper Land
10724,SUPRD,2,8/14/1997,8/24/1997,8/26/1997,3,138.43,Ship Co 3,123 Shipping Blvd,Port City,,12345,Shipper Land
10725,LINOD,9,8/14/1997,9/2/1997,8/28/1997,2,18.97,Ship Co 2,123 Shipping Blvd,Port City,,12345,Shipper Land
10726,GREAL,5,8/15/1997,9/1/1997,8/21/1997,1,192.14,Ship Co 1,123 Shipping Blvd,Port City,,12345,Shipper Land
10727,GODOS,2,8/15/1997,8/24/1997,8/27/1997,3,89.87,Ship Co 3,123 Shipping Blvd,Port City,,12345,Shipper Land
10728,PARIS,6,8/16/1997,9/2/1997,8/27/1997,2,180.02,Ship Co 2,123 Shipping Blvd,Port City,,12345,Shipper Land
10729,MORGK,7,8/17/1997,9/3/1997,8/23/1997,3,117.63,Ship Co 3,123 Shipping Blvd,Port City,,12345,Shipper Land
10730,DUMON,3,8/18/1997,8/26/1997,8/29/1997,1,96.01,Ship Co 1,123 Shipping Blvd,Port City,,12345,Shipper Land
10731,WHITC,6,8/19/1997,9/1/1997,8/20/1997,3,48.28,Ship Co 3,123 Shipping Blvd,Port City,,12345,Shipper Land
10732,WHITC,5,8/20/1997,9/7/1997,8/29/1997,2,187.33,Ship Co 2,123 Shipping Blvd,Port City,,12345,Shipper Land
10733,VINET,1,8/21/1997,9/5/1997,9/4/1997,2,174,Ship Co 2,123 Shipping Blvd,Port City,,12345,Shipper Land
10734,FURIB,4,8/21/1997,9/2/1997,8/23/1997,2,133,Ship Co 2,123 Shipping Blvd,Port City,,12345,Shipper Land
10735,GOURL,3,8/24/1997,9/11/1997,9/3/1997,1,173.06,Ship Co 1,123 Shipping Blvd,Port City,,12345,Shipper Land
10736,WHITC,4,8/24/1997,9/8/1997,9/1/1997,3,95.74,Ship Co 3,123 Shipping Blvd,Port City,,12345,Shipper Land
10737,QUEEN,8,8/24/1997,9/14/1997,9/4/1997,2,130.46,Ship Co 2,123 Shipping Blvd,Port City,,12345,Shipper Land
10738,OCEAN,8,8/25/1997,9/9/1997,8/31/1997,2,13.39,Ship Co 2,123 Shipping Blvd,Port City,,12345,Shipper Land
10739,PRINI,2,8/25/1997,9/4/1997,8/27/1997,3,189.47,Ship Co 3,123 Shipping Blvd,Port City,,12345,Shipper Land
10740,SAVEA,5,8/26/1997,9/8/1997,9/1/1997,2,26.33,Ship Co 2,123 Shipping Blvd,Port City,,12345,Shipper Land
10741,ISLAT,8,8/26/1997,9/13/1997,9/3/1997,2,7.5,Ship Co 2,123 Shipping Blvd,Port City,,12345,Shipper Land
10742,SPECD,8,8/28/1997,9/10/1997,9/2/1997,1,122.18,Ship Co 1,123 Shipping Blvd,Port City,,12345,Shipper Land
10743,HUNGC,9,8/29/1997,9/5/1997,8/30/1997,2,107.61,Ship Co 2,123 Shipping Blvd,Port City,,12345,Shipper Land
10744,HANAR,2,8/29/1997,9/5/1997,9/6/1997,1,131.34,Ship Co 1,123 Shipping Blvd,Port City,,12345,Shipper Land
10745,NORTS,6,8/30/1997,9/8/1997,8/31/1997,3,160.64,Ship Co 3,123 Shipping Blvd,Port City,,12345,Shipper Land
10746,DUMON,9,8/30/1997,9/14/1997,9/6/1997,2,78.3,Ship Co 2,123 Shipping Blvd,Port City,,12345,Shipper Land
10747,BONAP,4,8/30/1997,9/19/1997,9/2/1997,1,141.73,Ship Co 1,123 Shipping Blvd,Port City,,12345,Shipper Land
10748,ANATR,9,8/30/1997,9/14/1997,9/5/1997,2,140.46,Ship Co 2,123 Shipping Blvd,Port City,,12345,Shipper Land
10749,LINOD,9,8/31/1997,9/10/1997,9/1/1997,2,124.9,Ship Co 2,123 Shipping Blvd,Port City,,12345,Shipper Land
10750,MORGK,8,8/31/1997,9/20/1997,9/6/1997,1,83.78,Ship Co 1,123 Shipping Blvd,Port City,,12345,Shipper Land
10751,SAVEA,4,8/31/1997,9/16/1997,9/13/1997,2,13.14,Ship Co 2,123 Shipping Blvd,Port City,,12345,Shipper Land
10752,QUEEN,9,8/31/1997,9/19/1997,9/9/1997,3,36.57,Ship Co 3,123 Shipping Blvd,Port City,,12345,Shipper Land
10753,LONEP,9,9/1/1997,9/14/1997,9/2/1997,1,47.92,Ship Co 1,123 Shipping Blvd,Port City,,12345,Shipper Land
10754,HUNGO,9,9/4/1997,9/22/1997,9/15/1997,2,175.62,Ship Co 2,123 Shipping Blvd,Port City,,12345,Shipper Land
10755,NORTS,4,9/5/1997,9/18/1997,9/8/1997,3,100.86,Ship Co 3,123 Shipping Blvd,Port City,,12345,Shipper Land
10756,WILMK,6,9/5/1997,9/12/1997,9/14/1997,3,179.2,Ship Co 3,123 Shipping Blvd,Port City,,12345,Shipper Land
10757,EASTC,3,9/6/1997,9/19/1997,9/8/1997,3,113.75,Ship Co 3,123 Shipping Blvd,Port City,,12345,Shipper Land
10758,LINOD,6,9/6/1997,9/25/1997,9/18/1997,2,171.01,Ship Co 2,123 Shipping Blvd,Port City,,12345,Shipper Land
10759,LONEP,6,9/7/1997,9/28/1997,9/20/1997,2,52.85,Ship Co 2,123 Shipping Blvd,Port City,,12345,Shipper Land
10760,ROMEY,9,9/8/1997,9/17/1997,9/16/1997,2,144.39,Ship Co 2,123 Shipping Blvd,Port City,,12345,Shipper Land
10761,HUNGO,1,9/10/1997,10/1/1997,9/24/1997,2,120.48,Ship Co 2,123 Shipping Blvd,Port City,,12345,Shipper Land
10762,SANTG,2,9/10/1997,9/28/1997,9/16/1997,1,198.83,Ship Co 1,123 Shipping Blvd,Port City,,12345,Shipper Land
10763,WHITC,9,9/10/1997,9/24/1997,9/13/1997,1,183.91,Ship Co 1,123 Shipping Blvd,Port City,,12345,Shipper Land
10764,GREAL,4,9/11/1997,9/24/1997,9/20/1997,1,92.66,Ship Co 1,123 Shipping Blvd,Port City,,12345,Shipper Land
10765,ROMEY,4,9/11/1997,9/19/1997,9/25/1997,3,165.92,Ship Co 3,123 Shipping Blvd,Port City,,12345,Shipper Land
10766,LILAS,6,9/12/1997,9/27/1997,9/24/1997,2,140.87,Ship Co 2,123 Shipping Blvd,Port City,,12345,Shipper Land
10767,PERIC,9,9/13/1997,10/4/1997,9/27/1997,3,179.54,Ship Co 3,123 Shipping Blvd,Port City,,12345,Shipper Land
10768,HANAR,5,9/13/1997,9/29/1997,9/24/1997,2,171.14,Ship Co 2,123 Shipping Blvd,Port City,,12345,Shipper Land
10769,PRINI,7,9/18/1997,10/1/1997,9/24/1997,1,172.9,Ship Co 1,123 Shipping Blvd,Port City,,12345,Shipper Land
10770,LINOD,5,9/18/1997,10/9/1997,9/21/1997,2,153.01,Ship Co 2,123 Shipping Blvd,Port City,,12345,Shipper Land
10771,PERIC,4,9/19/1997,9/26/1997,9/26/1997,2,118.85,Ship Co 2,123 Shipping Blvd,Port City,,12345,Shipper Land
10772,CONSH,1,9/20/1997,10/11/1997,9/29/1997,2,104.1,Ship Co 2,123 Shipping Blvd,Port City,,12345,Shipper Land
10773,SIMOB,6,9/21/1997,10/10/1997,10/2/1997,1,195.49,Ship Co 1,123 Shipping Blvd,Port City,,12345,Shipper Land
10774,QUICK,6,9/21/1997,9/30/1997,10/2/1997,1,72.49,Ship Co 1,123 Shipping Blvd,Port City,,12345,Shipper Land
10775,QUEEN,5,9/22/1997,10/5/1997,9/27/1997,2,156.75,Ship Co 2,123 Shipping Blvd,Port City,,12345,Shipper Land
10776,THEBI,3,9/22/1997,10/12/1997,9/26/1997,3,52.32,Ship Co 3,123 Shipping Blvd,Port City,,12345,Shipper Land
10777,WELLI,2,9/22/1997,10/12/1997,10/3/1997,2,31.6,Ship Co 2,123 Shipping Blvd,Port City,,12345,Shipper Land
10778,MAISD,2,9/23/1997,10/8/1997,10/3/1997,1,180,Ship Co 1,123 Shipping Blvd,Port City,,12345,Shipper Land
10779,PERIC,4,9/24/1997,10/15/1997,9/26/1997,1,177.04,Ship Co 1,123 Shipping Blvd,Port City,,12345,Shipper Land
10780,VICTE,8,9/24/1997,10/11/1997,10/7/1997,3,64.14,Ship Co 3,123 Shipping Blvd,Port City,,12345,Shipper Land
10781,GOURL,2,9/25/1997,10/4/1997,9/26/1997,2,155.92,Ship Co 2,123 Shipping Blvd,Port City,,12345,Shipper Land
10782,BOLID,4,9/26/1997,10/11/1997,9/30/1997,2,28.89,Ship Co 2,123 Shipping Blvd,Port City,,12345,Shipper Land
10783,FRANS,4,9/26/1997,10/4/1997,10/10/1997,3,162.33,Ship Co 3,123 Shipping Blvd,Port City,,12345,Shipper Land
10784,MAGAA,5,9/28/1997,10/17/1997,10/6/1997,2,101.08,Ship Co 2,123 Shipping Blvd,Port City,,12345,Shipper Land
10785,CHOPS,7,9/28/1997,10/8/1997,10/7/1997,3,147.46,Ship Co 3,123 Shipping Blvd,Port City,,12345,Shipper Land
10786,FRANR,7,9/28/1997,10/5/1997,10/6/1997,1,199.14,Ship Co 1,123 Shipping Blvd,Port City,,12345,Shipper Land
10787,SPLIR,4,9/29/1997,10/16/1997,10/1/1997,3,98.28,Ship Co 3,123 Shipping Blvd,Port City,,12345,Shipper Land
10788,SIMOB,2,10/1/1997,10/10/1997,10/9/1997,1,7.14,Ship Co 1,123 Shipping Blvd,Port City,,12345,Shipper Land
10789,CENTC,6,10/2/1997,10/22/1997,10/6/1997,2,196.2,Ship Co 2,123 Shipping Blvd,Port City,,12345,Shipper Land
10790,WANDK,6,10/2/1997,10/21/1997,10/4/1997,1,70.14,Ship Co 1,123 Shipping Blvd,Port City,,12345,Shipper Land
10791,WHITC,5,10/3/1997,10/19/1997,10/7/1997,2,183.38,Ship Co 2,123 Shipping Blvd,Port City,,12345,Shipper Land
10792,DRACD,8,10/3/1997,10/10/1997,10/16/1997,2,103.14,Ship Co 2,123 Shipping Blvd,Port City,,12345,Shipper Land
10793,TOMSP,6,10/4/1997,10/22/1997,10/5/1997,2,199.63,Ship Co 2,123 Shipping Blvd,Port City,,12345,Shipper Land
10794,ROMEY,7,10/6/1997,10/20/1997,10/16/1997,3,101.82,Ship Co 3,123 Shipping Blvd,Port City,,12345,Shipper Land
10795,LINOD,5,10/7/1997,10/19/1997,10/19/1997,3,72.7,Ship Co 3,123 Shipping Blvd,Port City,,12345,Shipper Land
10796,BSBEV,6,10/8/1997,10/27/1997,10/10/1997,1,101.41,Ship Co 1,123 Shipping Blvd,Port City,,12345,Shipper Land
10797,SAVEA,6,10/8/1997,10/18/1997,10/16/1997,2,188.29,Ship Co 2,123 Shipping Blvd,Port City,,12345,Shipper Land
10798,SPECD,3,10/8/1997,10/24/1997,10/11/1997,1,137.52,Ship Co 1,123 Shipping Blvd,Port City,,12345,Shipper Land
10799,CONSH,5,10/9/1997,10/23/1997,10/14/1997,3,18.99,Ship Co 3,123 Shipping Blvd,Port City,,12345,Shipper Land
10800,BLAUS,5,10/10/1997,10/18/1997,10/16/1997,1,162.23,Ship Co 1,123 Shipping Blvd,Port City,,12345,Shipper Land
10801,VAFFE,4,10/12/1997,10/29/1997,10/14/1997,1,128.26,Ship Co 1,123 Shipping Blvd,Port City,,12345,Shipper Land
10802,CACTU,1,10/12/1997,10/24/1997,10/20/1997,2,146.46,Ship Co 2,123 Shipping Blvd,Port City,,12345,Shipper Land
10803,HANAR,1,10/12/1997,10/28/1997,10/19/1997,3,35.83,Ship Co 3,123 Shipping Blvd,Port City,,12345,Shipper Land
10804,ANATR,2,10/15/1997,11/5/1997,10/21/1997,3,92.2,Ship Co 3,123 Shipping Blvd,Port City,,12345,Shipper Land
10805,BLONP,6,10/15/1997,10/25/1997,10/19/1997,2,11.06,Ship Co 2,123 Shipping Blvd,Port City,,12345,Shipper Land
10806,RICSU,8,10/15/1997,10/26/1997,10/17/1997,2,193.22,Ship Co 2,123 Shipping Blvd,Port City,,12345,Shipper Land
10807,TOMSP,5,10/15/1997,10/24/1997,10/25/1997,3,118.44,Ship Co 3,123 Shipping Blvd,Port City,,12345,Shipper Land
10808,GREAL,3,10/16/1997,10/27/1997,10/19/1997,3,149.25,Ship Co 3,123 Shipping Blvd,Port City,,12345,Shipper Land
10809,RATTC,2,10/16/1997,10/24/1997,10/28/1997,2,27.57,Ship Co 2,123 Shipping Blvd,Port City,,12345,Shipper Land
10810,LILAS,9,10/17/1997,10/29/1997,10/26/1997,3,135.5,Ship Co 3,123 Shipping Blvd,Port City,,12345,Shipper Land
10811,CACTU,6,10/18/1997,11/5/1997,11/1/1997,1,87.91,Ship Co 1,123 Shipping Blvd,Port City,,12345,Shipper Land
10812,QUEEN,1,10/18/1997,11/7/1997,10/28/1997,1,24.14,Ship Co 1,123 Shipping Blvd,Port City,,12345,Shipper Land
10813,MAGAA,5,10/19/1997,10/26/1997,10/22/1997,2,66.14,Ship Co 2,123 Shipping Blvd,Port City,,12345,Shipper Land
10814,GALED,9,10/20/1997,10/31/1997,10/27/1997,1,137.24,Ship Co 1,123 Shipping Blvd,Port City,,12345,Shipper Land
10815,PERIC,1,10/20/1997,11/4/1997,10/30/1997,3,181.9,Ship Co 3,123 Shipping Blvd,Port City,,12345,Shipper Land
10816,TRADH,7,10/20/1997,11/8/1997,10/24/1997,3,37.71,Ship Co 3,123 Shipping Blvd,Port City,,12345,Shipper Land
10817,BLONP,8,10/21/1997,10/29/1997,11/4/1997,3,173.41,Ship Co 3,123 Shipping Blvd,Port City,,12345,Shipper Land
10818,WELLI,2,10/22/1997,11/4/1997,10/31/1997,2,7.08,Ship Co 2,123 Shipping Blvd,Port City,,12345,Shipper Land
10819,FAMIA,9,10/23/1997,11/9/1997,10/28/1997,2,15.7,Ship Co 2,123 Shipping Blvd,Port City,,12345,Shipper Land
10820,LAUGB,5,10/23/1997,11/3/1997,11/6/1997,2,18.19,Ship Co 2,123 Shipping Blvd,Port City,,12345,Shipper Land
10821,ROMEY,2,10/24/1997,11/6/1997,10/30/1997,1,72.3,Ship Co 1,123 Shipping Blvd,Port City,,12345,Shipper Land
10822,TORTU,6,10/27/1997,11/7/1997,11/9/1997,3,138.85,Ship Co 3,123 Shipping Blvd,Port City,,12345,Shipper Land
10823,LAUGB,6,10/28/1997,11/10/1997,11/3/1997,1,134.36,Ship Co 1,123 Shipping Blvd,Port City,,12345,Shipper Land
10824,WOLZA,1,10/29/1997,11/18/1997,11/12/1997,1,28.48,Ship Co 1,123 Shipping Blvd,Port City,,12345,Shipper Land
10825,CACTU,5,10/29/1997,11/19/1997,11/6/1997,2,128.73,Ship Co 2,123 Shipping Blvd,Port City,,12345,Shipper Land
10826,GALED,3,10/29/1997,11/12/1997,11/12/1997,3,166.24,Ship Co 3,123 Shipping Blvd,Port City,,12345,Shipper Land
10827,FOLKO,6,10/29/1997,11/10/1997,11/8/1997,1,100.26,Ship Co 1,123 Shipping Blvd,Port City,,12345,Shipper Land
10828,ALFKI,3,10/30/1997,11/16/1997,11/1/1997,1,192.94,Ship Co 1,123 Shipping Blvd,Port City,,12345,Shipper Land
10829,FOLKO,7,10/30/1997,11/10/1997,10/31/1997,3,154.03,Ship Co 3,123 Shipping Blvd,Port City,,12345,Shipper Land
10830,PRINI,4,10/31/1997,11/8/1997,11/11/1997,2,140.19,Ship Co 2,123 Shipping Blvd,Port City,,12345,Shipper Land
10831,CACTU,2,11/1/1997,11/9/1997,11/3/1997,3,86.94,Ship Co 3,123 Shipping Blvd,Port City,,12345,Shipper Land
10832,TRAIH,4,11/2/1997,11/13/1997,11/10/1997,3,56.18,Ship Co 3,123 Shipping Blvd,Port City,,12345,Shipper Land
10833,ANTON,6,11/2/1997,11/23/1997,11/7/1997,2,68.24,Ship Co 2,123 Shipping Blvd,Port City,,12345,Shipper Land
10834,REGGC,6,11/3/1997,11/22/1997,11/11/1997,2,119.14,Ship Co 2,123 Shipping Blvd,Port City,,12345,Shipper Land
10835,RICAR,4,11/4/1997,11/13/1997,11/6/1997,1,136.32,Ship Co 1,123 Shipping Blvd,Port City,,12345,Shipper Land
10836,DRACD,4,11/5/1997,11/17/1997,11/6/1997,1,68.81,Ship Co 1,123 Shipping Blvd,Port City,,12345,Shipper Land
10837,COMMI,3,11/5/1997,11/18/1997,11/18/1997,3,27.37,Ship Co 3,123 Shipping Blvd,Port City,,12345,Shipper Land
10838,LETSS,9,11/5/1997,11/12/1997,11/14/1997,3,79.35,Ship Co 3,123 Shipping Blvd,Port City,,12345,Shipper Land
10839,BONAP,3,11/6/1997,11/15/1997,11/17/1997,2,143.49,Ship Co 2,123 Shipping Blvd,Port City,,12345,Shipper Land
10840,LAMAI,7,11/6/1997,11/15/1997,11/12/1997,3,59,Ship Co 3,123 Shipping Blvd,Port City,,12345,Shipper Land
10841,ERNSH,7,11/9/1997,11/26/1997,11/15/1997,3,167.97,Ship Co 3,123 Shipping Blvd,Port City,,12345,Shipper Land
10842,ALFKI,9,11/9/1997,11/18/1997,11/20/1997,3,179.5,Ship Co 3,123 Shipping Blvd,Port City,,12345,Shipper Land
10843,SAVEA,8,11/10/1997,11/20/1997,11/18/1997,1,29.78,Ship Co 1,123 Shipping Blvd,Port City,,12345,Shipper Land
10844,KOENE,7,11/10/1997,11/29/1997,11/14/1997,3,91.26,Ship Co 3,123 Shipping Blvd,Port City,,12345,Shipper Land
10845,PARIS,5,11/12/1997,11/22/1997,11/23/1997,2,16.42,Ship Co 2,123 Shipping Blvd,Port City,,12345,Shipper Land
10846,BOLID,6,11/12/1997,11/27/1997,11/25/1997,1,103.54,Ship Co 1,123 Shipping Blvd,Port City,,12345,Shipper Land
10847,WANDK,6,11/13/1997,11/26/1997,11/14/1997,2,136.15,Ship Co 2,123 Shipping Blvd,Port City,,12345,Shipper Land
10848,RATTC,1,11/14/1997,11/28/1997,11/27/1997,2,176.52,Ship Co 2,123 Shipping Blvd,Port City,,12345,Shipper Land
10849,TORTU,1,11/15/1997,11/30/1997,11/29/1997,3,14.62,Ship Co 3,123 Shipping Blvd,Port City,,12345,Shipper Land
10850,VAFFE,9,11/16/1997,12/7/1997,11/19/1997,3,191.49,Ship Co 3,123 Shipping Blvd,Port City,,12345,Shipper Land
10851,QUEDE,3,11/16/1997,11/30/1997,11/26/1997,2,117.79,Ship Co 2,123 Shipping Blvd,Port City,,12345,Shipper Land
10852,CACTU,1,11/18/1997,12/7/1997,11/26/1997,2,59.55,Ship Co 2,123 Shipping Blvd,Port City,,12345,Shipper Land
10853,BOTTM,8,11/18/1997,12/9/1997,11/30/1997,2,179.95,Ship Co 2,123 Shipping Blvd,Port City,,12345,Shipper Land
10854,MAGAA,9,11/20/1997,12/2/1997,11/27/1997,2,21.18,Ship Co 2,123 Shipping Blvd,Port City,,12345,Shipper Land
10855,BLAUS,9,11/20/1997,11/27/1997,11/30/1997,2,169.75,Ship Co 2,123 Shipping Blvd,Port City,,12345,Shipper Land
10856,WELLI,8,11/21/1997,12/10/1997,11/29/1997,3,184.91,Ship Co 3,123 Shipping Blvd,Port City,,12345,Shipper Land
10857,LAMAI,8,11/25/1997,12/3/1997,12/3/1997,2,182.95,Ship Co 2,123 Shipping Blvd,Port City,,12345,Shipper Land
10858,CACTU,1,11/26/1997,12/10/1997,12/1/1997,3,189.1,Ship Co 3,123 Shipping Blvd,Port City,,12345,Shipper Land
10859,RICSU,2,11/27/1997,12/13/1997,12/8/1997,1,177.86,Ship Co 1,123 Shipping Blvd,Port City,,12345,Shipper Land
10860,LONEP,3,11/27/1997,12/13/1997,12/11/1997,1,32.3,Ship Co 1,123 Shipping Blvd,Port City,,12345,Shipper Land
10861,DUMON,1,11/28/1997,12/5/1997,11/29/1997,2,143,Ship Co 2,123 Shipping Blvd,Port City,,12345,Shipper Land
10862,QUEEN,1,11/28/1997,12/10/1997,12/1/1997,2,21.81,Ship Co 2,123 Shipping Blvd,Port City,,12345,Shipper Land
10863,WILMK,7,11/29/1997,12/12/1997,12/12/1997,3,81.05,Ship Co 3,123 Shipping Blvd,Port City,,12345,Shipper Land
10864,PARIS,2,11/30/1997,12/12/1997,12/10/1997,2,20.84,Ship Co 2,123 Shipping Blvd,Port City,,12345,Shipper Land
10865,WHITC,5,11/30/1997,12/19/1997,12/12/1997,2,24.37,Ship Co 2,123 Shipping Blvd,Port City,,12345,Shipper Land
10866,VINET,1,12/1/1997,12/17/1997,12/5/1997,2,104.77,Ship Co 2,123 Shipping Blvd,Port City,,12345,Shipper Land
10867,THECR,3,12/2/1997,12/15/1997,12/13/1997,2,20.16,Ship Co 2,123 Shipping Blvd,Port City,,12345,Shipper Land
10868,WILMK,2,12/3/1997,12/16/1997,12/13/1997,3,23.77,Ship Co 3,123 Shipping Blvd,Port City,,12345,Shipper Land
10869,PERIC,8,12/5/1997,12/16/1997,12/7/1997,2,8.48,Ship Co 2,123 Shipping Blvd,Port City,,12345,Shipper Land
10870,TOMSP,4,12/8/1997,12/26/1997,12/17/1997,1,34.73,Ship Co 1,123 Shipping Blvd,Port City,,12345,Shipper Land
10871,VINET,3,12/9/1997,12/28/1997,12/17/1997,3,17.87,Ship Co 3,123 Shipping Blvd,Port City,,12345,Shipper Land
10872,ROMEY,3,12/9/1997,12/28/1997,12/13/1997,3,66.02,Ship Co 3,123 Shipping Blvd,Port City,,12345,Shipper Land
10873,LAMAI,9,12/10/1997,12/30/1997,12/15/1997,3,142.66,Ship Co 3,123 Shipping Blvd,Port City,,12345,Shipper Land
10874,GALED,3,12/10/1997,12/19/1997,12/13/1997,2,123.76,Ship Co 2,123 Shipping Blvd,Port City,,12345,Shipper Land
10875,AROUT,3,12/11/1997,12/29/1997,12/24/1997,3,29.41,Ship Co 3,123 Shipping Blvd,Port City,,12345,Shipper Land
10876,SPECD,9,12/11/1997,1/1/1998,12/16/1997,2,50.78,Ship Co 2,123 Shipping Blvd,Port City,,12345,Shipper Land
10877,TRAIH,9,12/15/1997,12/24/1997,12/21/1997,1,117.97,Ship Co 1,123 Shipping Blvd,Port City,,12345,Shipper Land
10878,RICAR,4,12/15/1997,12/28/1997,12/20/1997,2,81.76,Ship Co 2,123 Shipping Blvd,Port City,,12345,Shipper Land
10879,DUMON,9,12/17/1997,12/26/1997,12/25/1997,3,66.27,Ship Co 3,123 Shipping Blvd,Port City,,12345,Shipper Land
10880,WILMK,1,12/18/1997,1/8/1998,12/26/1997,3,124.99,Ship Co 3,123 Shipping Blvd,Port City,,12345,Shipper Land
10881,SPLIR,7,12/19/1997,1/4/1998,1/2/1998,3,21.36,Ship Co 3,123 Shipping Blvd,Port City,,12345,Shipper Land
10882,FAMIA,9,12/19/1997,1/7/1998,12/21/1997,3,83.77,Ship Co 3,123 Shipping Blvd,Port City,,12345,Shipper Land
10883,QUEEN,9,12/20/1997,12/31/1997,12/31/1997,3,93.51,Ship Co 3,123 Shipping Blvd,Port City,,12345,Shipper Land
10884,SPECD,8,12/21/1997,1/5/1998,12/28/1997,2,176.45,Ship Co 2,123 Shipping Blvd,Port City,,12345,Shipper Land
10885,OTTIK,2,12/21/1997,1/8/1998,1/2/1998,1,132.68,Ship Co 1,123 Shipping Blvd,Port City,,12345,Shipper Land
10886,TORTU,4,12/22/1997,1/1/1998,12/25/1997,2,105.76,Ship Co 2,123 Shipping Blvd,Port City,,12345,Shipper Land
10887,WANDK,4,12/23/1997,1/10/1998,1/5/1998,3,174.76,Ship Co 3,123 Shipping Blvd,Port City,,12345,Shipper Land
10888,GALED,1,12/25/1997,1/5/1998,1/5/1998,3,79.66,Ship Co 3,123 Shipping Blvd,Port City,,12345,Shipper Land
10889,REGGC,7,12/25/1997,1/11/1998,12/27/1997,2,73,Ship Co 2,123 Shipping Blvd,Port City,,12345,Shipper Land
10890,TORTU,6,12/25/1997,1/11/1998,12/26/1997,2,27.08,Ship Co 2,123 Shipping Blvd,Port City,,12345,Shipper Land
10891,GOURL,5,12/26/1997,1/3/1998,1/2/1998,1,60.93,Ship Co 1,123 Shipping Blvd,Port City,,12345,Shipper Land
10892,WHITC,4,12/26/1997,1/5/1998,12/27/1997,2,177.62,Ship Co 2,123 Shipping Blvd,Port City,,12345,Shipper Land
10893,FAMIA,4,12/28/1997,1/16/1998,1/3/1998,3,20.93,Ship Co 3,123 Shipping Blvd,Port City,,12345,Shipper Land
10894,MAGAA,8,12/28/1997,1/7/1998,1/4/1998,3,70.75,Ship Co 3,123 Shipping Blvd,Port City,,12345,Shipper Land
10895,LETSS,6,12/29/1997,1/8/1998,1/7/1998,3,145.75,Ship Co 3,123 Shipping Blvd,Port City,,12345,Shipper Land
10896,QUEDE,5,12/31/1997,1/18/1998,1/8/1998,2,163.33,Ship Co 2,123 Shipping Blvd,Port City,,12345,Shipper Land
10897,BLONP,1,1/1/1998,1/12/1998,1/4/1998,3,111.12,Ship Co 3,123 Shipping Blvd,Port City,,12345,Shipper Land
10898,FOLIG,1,1/2/1998,1/20/1998,1/14/1998,1,84.16,Ship Co 1,123 Shipping Blvd,Port City,,12345,Shipper Land
10899,WANDK,8,1/2/1998,1/21/1998,1/13/1998,2,72.34,Ship Co 2,123 Shipping Blvd,Port City,,12345,Shipper Land
10900,SPLIR,2,1/2/1998,1/19/1998,1/3/1998,1,10.06,Ship Co 1,123 Shipping Blvd,Port City,,12345,Shipper Land
10901,FRANK,3,1/3/1998,1/21/1998,1/16/1998,2,44.06,Ship Co 2,123 Shipping Blvd,Port City,,12345,Shipper Land
10902,BLONP,4,1/3/1998,1/23/1998,1/15/1998,3,54.42,Ship Co 3,123 Shipping Blvd,Port City,,12345,Shipper Land
10903,HUNGC,3,1/4/1998,1/20/1998,1/13/1998,1,17.64,Ship Co 1,123 Shipping Blvd,Port City,,12345,Shipper Land
10904,FRANS,2,1/5/1998,1/12/1998,1/14/1998,1,134.4,Ship Co 1,123 Shipping Blvd,Port City,,12345,Shipper Land
10905,BOTTM,2,1/6/1998,1/17/1998,1/10/1998,3,178.53,Ship Co 3,123 Shipping Blvd,Port City,,12345,Shipper Land
10906,OCEAN,3,1/8/1998,1/24/1998,1/15/1998,2,131.33,Ship Co 2,123 Shipping Blvd,Port City,,12345,Shipper Land
10907,RATTC,3,1/11/1998,1/25/1998,1/20/1998,1,94.14,Ship Co 1,123 Shipping Blvd,Port City,,12345,Shipper Land
10908,MEREP,1,1/12/1998,1/24/1998,1/23/1998,1,55.9,Ship Co 1,123 Shipping Blvd,Port City,,12345,Shipper Land
10909,BSBEV,2,1/13/1998,1/25/1998,1/18/1998,2,66.26,Ship Co 2,123 Shipping Blvd,Port City,,12345,Shipper Land
10910,KOENE,3,1/13/1998,1/30/1998,1/18/1998,3,135.78,Ship Co 3,123 Shipping Blvd,Port City,,12345,Shipper Land
10911,QUICK,4,1/14/1998,1/30/1998,1/27/1998,2,44.66,Ship Co 2,123 Shipping Blvd,Port City,,12345,Shipper Land
10912,ERNSH,4,1/14/1998,2/2/1998,1/27/1998,2,2.27,Ship Co 2,123 Shipping Blvd,Port City,,12345,Shipper Land
10913,BLAUS,2,1/15/1998,1/27/1998,1/24/1998,2,179.48,Ship Co 2,123 Shipping Blvd,Port City,,12345,Shipper Land
10914,HUNGO,5,1/16/1998,1/23/1998,1/30/1998,3,42.83,Ship Co 3,123 Shipping Blvd,Port City,,12345,Shipper Land
10915,THEBI,7,1/16/1998,1/28/1998,1/28/1998,2,106.58,Ship Co 2,123 Shipping Blvd,Port City,,12345,Shipper Land
10916,LAMAI,2,1/18/1998,2/1/1998,1/19/1998,1,51.23,Ship Co 1,123 Shipping Blvd,Port City,,12345,Shipper Land
10917,FAMIA,5,1/18/1998,1/29/1998,1/27/1998,3,142.65,Ship Co 3,123 Shipping Blvd,Port City,,12345,Shipper Land
10918,WOLZA,8,1/18/1998,2/5/1998,1/19/1998,2,42.72,Ship Co 2,123 Shipping Blvd,Port City,,12345,Shipper Land
10919,HUNGC,2,1/18/1998,1/25/1998,1/26/1998,2,77.22,Ship Co 2,123 Shipping Blvd,Port City,,12345,Shipper Land
10920,HUNGC,2,1/19/1998,1/28/1998,1/21/1998,1,171.88,Ship Co 1,123 Shipping Blvd,Port City,,12345,Shipper Land
10921,QUEDE,9,1/19/1998,2/3/1998,1/24/1998,1,131.13,Ship Co 1,123 Shipping Blvd,Port City,,12345,Shipper Land
10922,WILMK,1,1/20/1998,1/27/1998,1/28/1998,2,35.11,Ship Co 2,123 Shipping Blvd,Port City,,12345,Shipper Land
10923,THECR,5,1/21/1998,2/1/1998,1/24/1998,2,42.92,Ship Co 2,123 Shipping Blvd,Port City,,12345,Shipper Land
10924,BLAUS,8,1/22/1998,2/4/1998,1/23/1998,2,127.5,Ship Co 2,123 Shipping Blvd,Port City,,12345,Shipper Land
10925,DUMON,5,1/23/1998,2/6/1998,1/26/1998,2,38.23,Ship Co 2,123 Shipping Blvd,Port City,,12345,Shipper Land
10926,SPECD,5,1/23/1998,2/3/1998,1/31/1998,3,69.53,Ship Co 3,123 Shipping Blvd,Port City,,12345,Shipper Land
10927,CENTC,4,1/24/1998,2/8/1998,2/5/1998,1,92.95,Ship Co 1,123 Shipping Blvd,Port City,,12345,Shipper Land
10928,THECR,2,1/25/1998,2/1/1998,2/3/1998,3,192.67,Ship Co 3,123 Shipping Blvd,Port City,,12345,Shipper Land
10929,FRANR,3,1/26/1998,2/14/1998,2/1/1998,2,120.89,Ship Co 2,123 Shipping Blvd,Port City,,12345,Shipper Land
10930,HANAR,4,1/26/1998,2/11/1998,1/28/1998,2,82.12,Ship Co 2,123 Shipping Blvd,Port City,,12345,Shipper Land
10931,LAZYK,4,1/27/1998,2/10/1998,1/31/1998,1,61.33,Ship Co 1,123 Shipping Blvd,Port City,,12345,Shipper Land
10932,FISSA,9,1/27/1998,2/12/1998,1/31/1998,1,137.38,Ship Co 1,123 Shipping Blvd,Port City,,12345,Shipper Land
10933,HUNGC,6,1/27/1998,2/8/1998,2/6/1998,1,46.03,Ship Co 1,123 Shipping Blvd,Port City,,12345,Shipper Land
10934,RICSU,8,1/29/1998,2/15/1998,2/4/1998,1,75.99,Ship Co 1,123 Shipping Blvd,Port City,,12345,Shipper Land
10935,NORTS,2,1/30/1998,2/16/1998,2/5/1998,3,71.37,Ship Co 3,123 Shipping Blvd,Port City,,12345,Shipper Land
10936,GALED,6,1/30/1998,2/20/1998,2/11/1998,1,133.44,Ship Co 1,123 Shipping Blvd,Port City,,12345,Shipper Land
10937,MAISD,9,1/30/1998,2/9/1998,2/13/1998,3,48.28,Ship Co 3,123 Shipping Blvd,Port City,,12345,Shipper Land
10938,WARTH,8,2/1/1998,2/16/1998,2/2/1998,3,161.58,Ship Co 3,123 Shipping Blvd,Port City,,12345,Shipper Land
10939,LAMAI,3,2/1/1998,2/8/1998,2/12/1998,1,4.12,Ship Co 1,123 Shipping Blvd,Port City,,12345,Shipper Land
10940,BSBEV,5,2/1/1998,2/8/1998,2/12/1998,3,44.1,Ship Co 3,123 Shipping Blvd,Port City,,12345,Shipper Land
10941,KOENE,4,2/2/1998,2/20/1998,2/6/1998,1,137.12,Ship Co 1,123 Shipping Blvd,Port City,,12345,Shipper Land
10942,WELLI,5,2/2/1998,2/18/1998,2/8/1998,1,80.09,Ship Co 1,123 Shipping Blvd,Port City,,12345,Shipper Land
10943,ROMEY,6,2/3/1998,2/10/1998,2/16/1998,2,86.25,Ship Co 2,123 Shipping Blvd,Port City,,12345,Shipper Land
10944,FISSA,3,2/3/1998,2/22/1998,2/14/1998,3,35.84,Ship Co 3,123 Shipping Blvd,Port City,,12345,Shipper Land
10945,SAVEA,8,2/3/1998,2/22/1998,2/15/1998,3,102.65,Ship Co 3,123 Shipping Blvd,Port City,,12345,Shipper Land
10946,QUEEN,3,2/3/1998,2/23/1998,2/14/1998,1,187.9,Ship Co 1,123 Shipping Blvd,Port City,,12345,Shipper Land
10947,VICTE,4,2/4/1998,2/16/1998,2/16/1998,3,100.35,Ship Co 3,123 Shipping Blvd,Port City,,12345,Shipper Land
10948,BONAP,8,2/4/1998,2/12/1998,2/6/1998,3,195.62,Ship Co 3,123 Shipping Blvd,Port City,,12345,Shipper Land
10949,OLDWO,6,2/4/1998,2/23/1998,2/10/1998,2,34.56,Ship Co 2,123 Shipping Blvd,Port City,,12345,Shipper Land
10950,FRANR,4,2/6/1998,2/15/1998,2/7/1998,1,167.56,Ship Co 1,123 Shipping Blvd,Port City,,12345,Shipper Land
10951,TOMSP,3,2/6/1998,2/20/1998,2/17/1998,2,76.57,Ship Co 2,123 Shipping Blvd,Port City,,12345,Shipper Land
10952,CONSH,3,2/9/1998,2/25/1998,2/20/1998,2,189.9,Ship Co 2,123 Shipping Blvd,Port City,,12345,Shipper Land
10953,FOLKO,1,2/10/1998,3/2/1998,2/17/1998,3,120.88,Ship Co 3,123 Shipping Blvd,Port City,,12345,Shipper Land
10954,SEVES,7,2/11/1998,3/2/1998,2/15/1998,3,194.93,Ship Co 3,123 Shipping Blvd,Port City,,12345,Shipper Land
10955,GODOS,2,2/11/1998,3/1/1998,2/22/1998,1,148.42,Ship Co 1,123 Shipping Blvd,Port City,,12345,Shipper Land
10956,CACTU,3,2/11/1998,2/25/1998,2/22/1998,1,156.13,Ship Co 1,123 Shipping Blvd,Port City,,12345,Shipper Land
10957,RANCH,4,2/11/1998,2/20/1998,2/16/1998,1,147.69,Ship Co 1,123 Shipping Blvd,Port City,,12345,Shipper Land
10958,VAFFE,6,2/12/1998,2/21/1998,2/14/1998,2,15.76,Ship Co 2,123 Shipping Blvd,Port City,,12345,Shipper Land
10959,GROSR,3,2/13/1998,2/26/1998,2/15/1998,1,95.95,Ship Co 1,123 Shipping Blvd,Port City,,12345,Shipper Land
10960,NORTS,8,2/14/1998,2/24/1998,2/22/1998,1,38.89,Ship Co 1,123 Shipping Blvd,Port City,,12345,Shipper Land
10961,ERNSH,1,2/14/1998,3/3/1998,2/25/1998,3,30.69,Ship Co 3,123 Shipping Blvd,Port City,,12345,Shipper Land
10962,SPECD,4,2/14/1998,3/3/1998,2/19/1998,3,83.9,Ship Co 3,123 Shipping Blvd,Port City,,12345,Shipper Land
10963,PICCO,8,2/14/1998,2/22/1998,2/25/1998,1,102.65,Ship Co 1,123 Shipping Blvd,Port City,,12345,Shipper Land
10964,SPLIR,1,2/15/1998,3/5/1998,2/19/1998,3,96.61,Ship Co 3,123 Shipping Blvd,Port City,,12345,Shipper Land
10965,FOLKO,9,2/15/1998,3/6/1998,2/17/1998,1,73.79,Ship Co 1,123 Shipping Blvd,Port City,,12345,Shipper Land
10966,FAMIA,4,2/15/1998,3/6/1998,2/26/1998,1,90.81,Ship Co 1,123 Shipping Blvd,Port City,,12345,Shipper Land
10967,SPECD,5,2/16/1998,3/9/1998,2/17/1998,2,135.79,Ship Co 2,123 Shipping Blvd,Port City,,12345,Shipper Land
10968,FRANK,8,2/18/1998,2/26/1998,2/28/1998,3,100.59,Ship Co 3,123 Shipping Blvd,Port City,,12345,Shipper Land
10969,DRACD,6,2/18/1998,3/2/1998,2/26/1998,1,134.59,Ship Co 1,123 Shipping Blvd,Port City,,12345,Shipper Land
10970,DRACD,7,2/20/1998,3/1/1998,3/1/1998,2,9.32,Ship Co 2,123 Shipping Blvd,Port City,,12345,Shipper Land
10971,ISLAT,7,2/22/1998,3/12/1998,3/4/1998,2,31.33,Ship Co 2,123 Shipping Blvd,Port City,,12345,Shipper Land
10972,FOLIG,9,2/23/1998,3/16/1998,3/3/1998,1,138.67,Ship Co 1,123 Shipping Blvd,Port City,,12345,Shipper Land
10973,ERNSH,8,2/25/1998,3/14/1998,3/7/1998,2,89.86,Ship Co 2,123 Shipping Blvd,Port City,,12345,Shipper Land
10974,WHITC,7,2/25/1998,3/14/1998,3/2/1998,2,50.77,Ship Co 2,123 Shipping Blvd,Port City,,12345,Shipper Land
10975,BOTTM,7,2/25/1998,3/16/1998,2/28/1998,3,60.56,Ship Co 3,123 Shipping Blvd,Port City,,12345,Shipper Land
10976,PICCO,8,2/26/1998,3/17/1998,2/28/1998,3,132.03,Ship Co 3,123 Shipping Blvd,Port City,,12345,Shipper Land
10977,BSBEV,1,3/2/1998,3/19/1998,3/12/1998,1,128.91,Ship Co 1,123 Shipping Blvd,Port City,,12345,Shipper Land
10978,CACTU,4,3/2/1998,3/14/1998,3/7/1998,2,56.51,Ship Co 2,123 Shipping Blvd,Port City,,12345,Shipper Land
10979,BLAUS,9,3/2/1998,3/11/1998,3/5/1998,1,178.27,Ship Co 1,123 Shipping Blvd,Port City,,12345,Shipper Land
10980,GREAL,1,3/4/1998,3/18/1998,3/5/1998,2,148.37,Ship Co 2,123 Shipping Blvd,Port City,,12345,Shipper Land
10981,THECR,6,3/4/1998,3/15/1998,3/7/1998,1,189.51,Ship Co 1,123 Shipping Blvd,Port City,,12345,Shipper Land
10982,CHOPS,2,3/4/1998,3/25/1998,3/15/1998,3,154.02,Ship Co 3,123 Shipping Blvd,Port City,,12345,Shipper Land
10983,TOMSP,8,3/5/1998,3/24/1998,3/11/1998,3,163.19,Ship Co 3,123 Shipping Blvd,Port City,,12345,Shipper Land
10984,SAVEA,5,3/6/1998,3/21/1998,3/14/1998,1,172.3,Ship Co 1,123 Shipping Blvd,Port City,,12345,Shipper Land
10985,RICAR,4,3/6/1998,3/22/1998,3/19/1998,2,76.7,Ship Co 2,123 Shipping Blvd,Port City,,12345,Shipper Land
10986,SPECD,9,3/7/1998,3/14/1998,3/16/1998,1,49.15,Ship Co 1,123 Shipping Blvd,Port City,,12345,Shipper Land
10987,HUNGO,8,3/7/1998,3/24/1998,3/21/1998,1,107.8,Ship Co 1,123 Shipping Blvd,Port City,,12345,Shipper Land
10988,SUPRD,7,3/7/1998,3/23/1998,3/14/1998,2,23.73,Ship Co 2,123 Shipping Blvd,Port City,,12345,Shipper Land
10989,QUICK,5,3/7/1998,3/26/1998,3/8/1998,3,158.19,Ship Co 3,123 Shipping Blvd,Port City,,12345,Shipper Land
10990,BONAP,6,3/8/1998,3/27/1998,3/9/1998,3,66.61,Ship Co 3,123 Shipping Blvd,Port City,,12345,Shipper Land
10991,BONAP,3,3/9/1998,3/27/1998,3/18/1998,2,55.97,Ship Co 2,123 Shipping Blvd,Port City,,12345,Shipper Land
10992,WELLI,6,3/10/1998,3/27/1998,3/17/1998,1,28.85,Ship Co 1,123 Shipping Blvd,Port City,,12345,Shipper Land
10993,PERIC,6,3/10/1998,3/28/1998,3/18/1998,3,23.69,Ship Co 3,123 Shipping Blvd,Port City,,12345,Shipper Land
10994,GOURL,7,3/14/1998,3/24/1998,3/26/1998,2,110.86,Ship Co 2,123 Shipping Blvd,Port City,,12345,Shipper Land
10995,AROUT,1,3/15/1998,4/4/1998,3/21/1998,3,17.16,Ship Co 3,123 Shipping Blvd,Port City,,12345,Shipper Land
10996,FRANK,2,3/15/1998,3/22/1998,3/25/1998,3,161.13,Ship Co 3,123 Shipping Blvd,Port City,,12345,Shipper Land
10997,LAUGB,7,3/15/1998,3/31/1998,3/28/1998,2,6.9,Ship Co 2,123 Shipping Blvd,Port City,,12345,Shipper Land
10998,PARIS,4,3/15/1998,3/23/1998,3/26/1998,2,43.07,Ship Co 2,123 Shipping Blvd,Port City,,12345,Shipper Land
10999,QUEDE,9,3/16/1998,3/29/1998,3/22/1998,3,151.71,Ship Co 3,123 Shipping Blvd,Port City,,12345,Shipper Land
11000,CHOPS,7,3/16/1998,3/25/1998,3/28/1998,3,102.81,Ship Co 3,123 Shipping Blvd,Port City,,12345,Shipper Land
11001,WHITC,9,3/17/1998,3/27/1998,3/24/1998,2,41.03,Ship Co 2,123 Shipping Blvd,Port City,,12345,Shipper Land
11002,PARIS,8,3/17/1998,3/29/1998,3/28/1998,1,88.99,Ship Co 1,123 Shipping Blvd,Port City,,12345,Shipper Land
11003,FURIB,5,3/17/1998,3/30/1998,3/25/1998,1,151.23,Ship Co 1,123 Shipping Blvd,Port City,,12345,Shipper Land
11004,LETSS,6,3/17/1998,3/29/1998,3/20/1998,1,195.1,Ship Co 1,123 Shipping Blvd,Port City,,12345,Shipper Land
11005,HUNGC,3,3/18/1998,3/26/1998,3/21/1998,3,125.24,Ship Co 3,123 Shipping Blvd,Port City,,12345,Shipper Land
11006,LACOR,3,3/19/1998,3/29/1998,4/1/1998,3,110.62,Ship Co 3,123 Shipping Blvd,Port City,,12345,Shipper Land
11007,CONSH,3,3/19/1998,3/30/1998,3/20/1998,1,3.52,Ship Co 1,123 Shipping Blvd,Port City,,12345,Shipper Land
11008,HUNGC,4,3/19/1998,4/7/1998,3/31/1998,2,80.18,Ship Co 2,123 Shipping Blvd,Port City,,12345,Shipper Land
11009,TRADH,4,3/20/1998,3/28/1998,4/1/1998,3,42.99,Ship Co 3,123 Shipping Blvd,Port City,,12345,Shipper Land
11010,MEREP,2,3/21/1998,3/30/1998,3/23/1998,2,75.27,Ship Co 2,123 Shipping Blvd,Port City,,12345,Shipper Land
11011,QUEEN,3,3/22/1998,4/11/1998,3/23/1998,1,184.16,Ship Co 1,123 Shipping Blvd,Port City,,12345,Shipper Land
11012,RATTC,3,3/23/1998,3/30/1998,3/24/1998,2,169.92,Ship Co 2,123 Shipping Blvd,Port City,,12345,Shipper Land
11013,SAVEA,3,3/23/1998,4/3/1998,4/6/1998,2,53.31,Ship Co 2,123 Shipping Blvd,Port City,,12345,Shipper Land
11014,AROUT,9,3/24/1998,4/10/1998,4/4/1998,3,122.19,Ship Co 3,123 Shipping Blvd,Port City,,12345,Shipper Land
11015,VAFFE,4,3/24/1998,4/9/1998,4/3/1998,2,59.73,Ship Co 2,123 Shipping Blvd,Port City,,12345,Shipper Land
11016,WELLI,1,3/24/1998,4/3/1998,4/3/1998,2,177.25,Ship Co 2,123 Shipping Blvd,Port City,,12345,Shipper Land
11017,FAMIA,1,3/24/1998,4/10/1998,4/5/1998,3,78.43,Ship Co 3,123 Shipping Blvd,Port City,,12345,Shipper Land
11018,GOURL,1,3/25/1998,4/15/1998,4/7/1998,1,42.01,Ship Co 1,123 Shipping Blvd,Port City,,12345,Shipper Land
11019,RATTC,9,3/25/1998,4/1/1998,4/4/1998,1,150.72,Ship Co 1,123 Shipping Blvd,Port City,,12345,Shipper Land
11020,WHITC,1,3/26/1998,4/6/1998,4/2/1998,2,74.74,Ship Co 2,123 Shipping Blvd,Port City,,12345,Shipper Land
11021,LAUGB,3,3/26/1998,4/5/1998,4/2/1998,3,186.82,Ship Co 3,123 Shipping Blvd,Port City,,12345,Shipper Land
11022,ANTON,8,3/27/1998,4/13/1998,4/4/1998,3,2.32,Ship Co 3,123 Shipping Blvd,Port City,,12345,Shipper Land
11023,CONSH,2,3/29/1998,4/7/1998,4/4/1998,3,184.12,Ship Co 3,123 Shipping Blvd,Port City,,12345,Shipper Land
11024,ANATR,6,3/30/1998,4/19/1998,3/31/1998,1,97.44,Ship Co 1,123 Shipping Blvd,Port City,,12345,Shipper Land
11025,QUICK,5,3/31/1998,4/14/1998,4/6/1998,3,37.39,Ship Co 3,123 Shipping Blvd,Port City,,12345,Shipper Land
11026,SUPRD,6,4/2/1998,4/16/1998,4/6/1998,1,194.4,Ship Co 1,123 Shipping Blvd,Port City,,12345,Shipper Land
11027,VINET,1,4/3/1998,4/19/1998,4/4/1998,1,22.51,Ship Co 1,123 Shipping Blvd,Port City,,12345,Shipper Land
11028,OLDWO,4,4/5/1998,4/22/1998,4/15/1998,1,23.84,Ship Co 1,123 Shipping Blvd,Port City,,12345,Shipper Land
11029,FRANS,1,4/5/1998,4/24/1998,4/13/1998,1,54.14,Ship Co 1,123 Shipping Blvd,Port City,,12345,Shipper Land
11030,CENTC,4,4/5/1998,4/19/1998,4/15/1998,1,6.12,Ship Co 1,123 Shipping Blvd,Port City,,12345,Shipper Land
11031,RANCH,9,4/6/1998,4/19/1998,4/17/1998,2,10.33,Ship Co 2,123 Shipping Blvd,Port City,,12345,Shipper Land
11032,WHITC,4,4/6/1998,4/16/1998,4/18/1998,2,175.52,Ship Co 2,123 Shipping Blvd,Port City,,12345,Shipper Land
11033,THEBI,7,4/7/1998,4/26/1998,4/10/1998,2,13.64,Ship Co 2,123 Shipping Blvd,Port City,,12345,Shipper Land
11034,DUMON,6,4/8/1998,4/27/1998,4/10/1998,3,9.82,Ship Co 3,123 Shipping Blvd,Port City,,12345,Shipper Land
11035,HANAR,8,4/9/1998,4/25/1998,4/10/1998,3,193.45,Ship Co 3,123 Shipping Blvd,Port City,,12345,Shipper Land
11036,EASTC,7,4/9/1998,4/25/1998,4/21/1998,1,164.51,Ship Co 1,123 Shipping Blvd,Port City,,12345,Shipper Land
11037,ANTON,6,4/10/1998,4/23/1998,4/17/1998,1,78.51,Ship Co 1,123 Shipping Blvd,Port City,,12345,Shipper Land
11038,SUPRD,7,4/11/1998,5/1/1998,4/12/1998,1,43.34,Ship Co 1,123 Shipping Blvd,Port City,,12345,Shipper Land
11039,TORTU,4,4/12/1998,4/22/1998,4/16/1998,3,143.16,Ship Co 3,123 Shipping Blvd,Port City,,12345,Shipper Land
11040,GOURL,2,4/13/1998,4/25/1998,4/23/1998,1,134.89,Ship Co 1,123 Shipping Blvd,Port City,,12345,Shipper Land
11041,LAUGB,4,4/13/1998,4/29/1998,4/21/1998,2,75.84,Ship Co 2,123 Shipping Blvd,Port City,,12345,Shipper Land
11042,SPLIR,5,4/13/1998,4/24/1998,4/27/1998,1,109.33,Ship Co 1,123 Shipping Blvd,Port City,,12345,Shipper Land
11043,LAMAI,7,4/14/1998,5/2/1998,4/17/1998,1,72.78,Ship Co 1,123 Shipping Blvd,Port City,,12345,Shipper Land
11044,LACOR,2,4/14/1998,5/4/1998,4/27/1998,3,140.04,Ship Co 3,123 Shipping Blvd,Port City,,12345,Shipper Land
11045,BONAP,6,4/15/1998,5/3/1998,4/26/1998,2,159.34,Ship Co 2,123 Shipping Blvd,Port City,,12345,Shipper Land
11046,SAVEA,8,4/17/1998,4/26/1998,4/22/1998,3,141.43,Ship Co 3,123 Shipping Blvd,Port City,,12345,Shipper Land
11047,REGGC,6,4/18/1998,5/7/1998,4/21/1998,1,45.62,Ship Co 1,123 Shipping Blvd,Port City,,12345,Shipper Land
11048,COMMI,8,4/18/1998,4/26/1998,4/23/1998,2,62.36,Ship Co 2,123 Shipping Blvd,Port City,,12345,Shipper Land
11049,GREAL,5,4/19/1998,4/26/1998,4/21/1998,3,45.42,Ship Co 3,123 Shipping Blvd,Port City,,12345,Shipper Land
11050,WANDK,2,4/19/1998,4/26/1998,5/2/1998,2,127.86,Ship Co 2,123 Shipping Blvd,Port City,,12345,Shipper Land
11051,PERIC,6,4/19/1998,5/10/1998,5/1/1998,1,3.27,Ship Co 1,123 Shipping Blvd,Port City,,12345,Shipper Land
11052,FISSA,3,4/21/1998,5/7/1998,4/24/1998,3,132.09,Ship Co 3,123 Shipping Blvd,Port City,,12345,Shipper Land
11053,MORGK,8,4/23/1998,4/30/1998,4/24/1998,1,85.83,Ship Co 1,123 Shipping Blvd,Port City,,12345,Shipper Land
11054,TRADH,6,4/23/1998,5/9/1998,5/4/1998,2,63.91,Ship Co 2,123 Shipping Blvd,Port City,,12345,Shipper Land
11055,TOMSP,5,4/23/1998,5/11/1998,5/6/1998,1,97.35,Ship Co 1,123 Shipping Blvd,Port City,,12345,Shipper Land
11056,LAMAI,9,4/23/1998,5/6/1998,5/4/1998,2,139.57,Ship Co 2,123 Shipping Blvd,Port City,,12345,Shipper Land
11057,BERGS,8,4/26/1998,5/7/1998,4/27/1998,3,116.34,Ship Co 3,123 Shipping Blvd,Port City,,12345,Shipper Land
11058,PERIC,7,4/26/1998,5/8/1998,5/3/1998,2,174.05,Ship Co 2,123 Shipping Blvd,Port City,,12345,Shipper Land
11059,RANCH,4,4/26/1998,5/15/1998,4/27/1998,1,77.79,Ship Co 1,123 Shipping Blvd,Port City,,12345,Shipper Land
11060,OTTIK,6,4/27/1998,5/16/1998,5/4/1998,1,22.08,Ship Co 1,123 Shipping Blvd,Port City,,12345,Shipper Land
11061,GREAL,1,4/27/1998,5/10/1998,5/11/1998,3,9.59,Ship Co 3,123 Shipping Blvd,Port City,,12345,Shipper Land
11062,ROMEY,3,4/28/1998,5/14/1998,4/30/1998,1,146.1,Ship Co 1,123 Shipping Blvd,Port City,,12345,Shipper Land
11063,EASTC,5,4/28/1998,5/19/1998,5/1/1998,1,15.21,Ship Co 1,123 Shipping Blvd,Port City,,12345,Shipper Land
11064,WILMK,8,4/28/1998,5/15/1998,4/30/1998,2,61.14,Ship Co 2,123 Shipping Blvd,Port City,,12345,Shipper Land
11065,SEVES,9,4/28/1998,5/5/1998,5/4/1998,1,29.13,Ship Co 1,123 Shipping Blvd,Port City,,12345,Shipper Land
11066,LONEP,7,4/29/1998,5/14/1998,5/6/1998,3,175.09,Ship Co 3,123 Shipping Blvd,Port City,,12345,Shipper Land
11067,CACTU,5,4/30/1998,5/9/1998,5/5/1998,2,131.26,Ship Co 2,123 Shipping Blvd,Port City,,12345,Shipper Land
11068,OTTIK,4,5/1/1998,5/16/1998,5/14/1998,1,90.86,Ship Co 1,123 Shipping Blvd,Port City,,12345,Shipper Land
11069,TRAIH,7,5/1/1998,5/8/1998,5/14/1998,3,51.9,Ship Co 3,123 Shipping Blvd,Port City,,12345,Shipper Land
11070,RATTC,8,5/2/1998,5/14/1998,5/6/1998,1,31.02,Ship Co 1,123 Shipping Blvd,Port City,,12345,Shipper Land
11071,RICAR,3,5/2/1998,5/12/1998,5/7/1998,1,153.33,Ship Co 1,123 Shipping Blvd,Port City,,12345,Shipper Land
11072,BSBEV,9,5/2/1998,5/14/1998,5/6/1998,1,189.69,Ship Co 1,123 Shipping Blvd,Port City,,12345,Shipper Land
11073,MORGK,1,5/4/1998,5/12/1998,5/15/1998,1,145.91,Ship Co 1,123 Shipping Blvd,Port City,,12345,Shipper Land
11074,CACTU,1,5/4/1998,5/21/1998,5/18/1998,2,81.65,Ship Co 2,123 Shipping Blvd,Port City,,12345,Shipper Land
11075,GALED,6,5/5/1998,5/15/1998,5/7/1998,2,149.1,Ship Co 2,123 Shipping Blvd,Port City,,12345,Shipper Land
11076,GREAL,6,5/6/1998,5/16/1998,5/13/1998,3,83.84,Ship Co 3,123 Shipping Blvd,Port City,,12345,Shipper Land
11077,OCEAN,5,5/6/1998,5/17/1998,5/14/1998,3,81.52,Ship Co 3,123 Shipping Blvd,Port City,,12345,Shipper Land
